komentar,final_cleaned
Kalau berani review nastar saya Umma Delight namanya kak Tasyi,berani review nastar delight nama tasyi
Itu mochi China mungkin ada yang jualan di Indonesia tapi yang di Cina nggak pakai kelapa cafe ada juga sih sekarang yang PS3 Jakartanya,mochi china jual indonesia cina pakai kelapa cafe jakartanya
Ke GBK kak ada pucuk culinary festival loh cuma 2 hari aja,pucuk culinary festival
Ini dinda sih pemanisnya â¤,dinda
"Suami orang Hakka ya ci, mertua masaknya Pak Cham Kee, Bakmi goreng kucai dan Hipiao sama dengan keluargaku",suami orang haka mertua masak cham bakmi goreng kucai hipiao keluarga
"Heran orang-orang selalu bilang ga pake mecin sehat, lah tepung sama minyak yg dimakan kan ga sehat,kenapa yg disalahin mecin Mulu ğŸ˜…",heran orang orang bilang pake mecin sehat tepung minyak makan sehat disalahin mecin mulu
Dikirain jessica jane berhijab ğŸ˜‚,dikirain jesica jane hijab
Pecel nya halal gak sih,pecel halal
Yg enak keknya yg roti O doang deh ğŸ˜¢ğŸ˜¢ğŸ˜‚,enak roti
24 jam makan makanan masakan sendiri seruu kaya nyaaaa,makan makan masakan seru
"Suka banget sama konten ka tasyi, tapi aku gedek banget sama 3 cincin yang dipake ka tasyi saat makanan, bawaanya emosi aja gitu kuran enak dilihat padahal reviewnya uda bagus",suka banget konten tasyi gedek banget cincin dipake tasyi makan bawanya emosi enak reviewnya bagus
Ada ya orang yang suka sarden ğŸ¤¡ğŸ˜¨,orang suka sarden
"udah lupaa sama sipak haji,malah diingetin lagiii",lupa sipak haji dingetin lagi
Kakkkk cobain uburÂ² yg lagi viral dong,cobain ubur viral
eh aku kira cici Korea ternyata ka velia,cici korea
Mana ini videonya lagi kaka udah 6 hari ğŸ˜¢ğŸ˜¢ğŸ˜¢,video kaka
"Bakso fav gw sih Samrat, sampai skrng belum nemu bakso se enak Samrat...Seminggu bisa 2 - 3 kali gw makan bakso samrat kelapa gading saking udah cocok mah selera gw",bakso samrat nemu bakso enak samrat mingu kali makan bakso samrat kelapa gading saking cocok selera
fried chicken master penyelamat ku di taiwanğŸ’—ğŸ¥°ğŸ‡¹ğŸ‡¼ karna mereka halal,fried chicken master selamat taiwan karna halal
Btw harga rasberi nya berapa kakğŸ˜… penasaran?,ngomong ngomong harga rasberi penasaran
coba kak masak telor pake tevlon,coba masak telor pake tevlon
Nonton pas mkan doangğŸ˜‚,nonton mkan doang
Mertua pandai masak juga kk,mertua pandai masak
nonton sambil makan sayur bayemğŸ˜­ mood banget konten ka pebby,nonton makan sayur bayem banget konten peby
Mangan neh,mangan
"Siapa yang udah pernah cobain salah satu makanan ini? Tulis di komen ya Geng Kuliner â€” menurut kamu worth it gak sih dengan harga segitu? ğŸ˜±
Jangan lupa LIKE video ini & SUBSCRIBE buat bantu Ka Tasyi terus review jujur makanan viral lainnya! ğŸ´âœ¨",cobain salah makan tulis komen geng kuliner worth harga segitu lupa like video subscribe bantu tasyi review jujur makan viral
Cobain bakso maudy dong,cobain bakso maudy
"katanya lg di aspal, tp kol bisa order makanan",aspal order makan
Nyai mercon parah si enak banget,nyai mercon banget enak banget
malaahh lebihh seruu kalo di recokin bpcilllğŸ˜‚ğŸ˜‚â¤â¤â¤,malah lebih seru recokin bpcil
Cobain pentol cimod kak,cobain pentol cimod
cii ko kaya gak suka ya sama mamanyağŸ˜¢,suka mama
Review tasyi telah menghemat uangkuuu,review tasyi hemat uangku
Sate padang enaknya pake lontong pical mbak. Atau ketoprak,sate padang enak pake lontong pical mbak ketoprak
Ayam goreng kremes â¤â¤â¤â¤,ayam goreng kremes
kak review barang unik lagi,review barang unik
Kak bikin review gini lagiiiiiiikiii sukak bangedddd,bikin review lagiki sukak banged
"Kesukaanku banget indomie gr Aceh ini,kayak samyamg kw ğŸ˜…ğŸ˜…",suka banget indomie aceh kayak samyamg
"Video kak tasyi ada yg battle bakpia ngga ya, ku cariÂ² ko ngga nemu",video tasyi batle bakpia cari nemu
"Indomie sambel ijo please udh gak ada di sini,enak bangettt padahal ğŸ˜­",indomie sambel tolong enak banget
Cobain challenge sour blacdeath ka pebb,cobain chalenge sour blacdeath
"SETUJU banget dan aku udah test beberapa makanan yang di review tasyi dan gapernah ada yang zonk, apa yang dia bilang di channel youtube dan kenyataannya itu benar. 5 dari 10  makanan yang di review tasyi itu sama dengan selera aku. jadi klo menurut aku selera tasyi masih relevan sama selera rakyat indonesia pada umumnya.  bisa jadi benchmark sih ini channel klo nyari reverensi makanan",tuju banget test makan review tasyi gapernah zonk bilang chanel youtube nyata makan review tasyi selera selera tasyi relevan selera rakyat indonesia benchmark chanel nyari reverensi makan
Kak coba 24 jam makan yang manis - manis udah sascreb,coba makan manis manis sascreb
Salfok sm outfit kakak.... spill gamisnya kaaaakkk,salfok outfit kakak spil gamis
cobain pecel strawberry,cobain pecel strawbery
Kayaknya aku salah nonton deh,kayak salah nonton
tasyii make upnya bagus banget. cocok make up gini plisss pertahanin.,tasyi make upnya bagus banget cocok make plis pertahanin
"You don't wanna go panther Saturday.Youngbloo's mass don't like anyone kicking , aren't ya likeğŸ˜‚",panther saturday youngblo like anyone kicking aren like
Ciyumi,ciyumi
KA tasyi cobain resto punya Pras teguh,tasyi cobain resto pras teguh
Itu permen lawas rambut nenek,permen lawas rambut nenek
Kak cobain basreng estetok by trisha zia,cobain basreng estetok trisha
endingnya 22:08 aku langsung yes rafa akhirnya perbuatan mu setimpal dengan perbuatan mu kepada Rafi rafa ğŸ˜€ğŸ˜€ğŸ˜€ğŸ˜€â¤â¤ğŸ˜¢ğŸ˜‚ğŸ˜¢ğŸ˜‚ğŸ˜‚ğŸ˜‚ğŸ˜‚â¤ğŸ‰ğŸ‰ğŸ‰,endingnya langsung rafa buat timpal buat rafi rafa
Ka tasyiii udah pernah review baso frozen gitu gasi??? Kaya baso sony atau baso bahari rame banget ditiktok,tasyi review baso frozen baso sony baso bahari rame banget ditiktok
"Mood banget kalo liat kak pebbi ,cobain aneka latiao dong kakâ¤â¤",banget liat pebi cobain aneka latiao
24jam makan di cgv ci jane!!!,24jam makan jane
wkwkkwk lucu banget pas komen donat pinkan yg item sama donat aneh ci mehong WGYWGWGW,wkwkwk lucu banget komen donat item donat aneh mehong wgywgwgw
"Blm pernh mkn odeng sma topoki g tau rsya kya gmna,ğŸ˜‚ğŸ¤­",pernh odeng topoki rsya gmna
kaa lucu banget ngeliat dinda ada disitu ğŸ˜‚,lucu banget ngeliat dinda situ
Tutorr pliss makan sembarang an tpii GK gemukk,tutor tolong makan sembarang gemuk
bakso maudy kakkk cobain,bakso maudy cobain
Ngefens buanget sama kak tasyi,ngefens buanget tasyi
"Kakaknya review jujur kalo blng cheese cake Holland ga berasa kejunya, mnrtku juga gitu dan cenderung kek soft cake biasa",kakak review jujur blng chese cake holand keju mnrtku cenderung soft cake
"Neztizyen serba salah bgt, perasaan gw nonton biasa2 aja dah. Eng cara reviewnya kaya gt, kalo mo nonton yg spesifik bgt nonton yg lain cobaa.",neztizyen serba salah nonton biasa2 reviewnya nonton spesifik banget nonton coba
"Gapapa kok walaupun adaa bocill, serruu aja gituuuğŸ˜‚â¤",gapapa bocil seru gitu
Ci mehong aja segitu 150 rebu.. si pinkan ngapa dihujatğŸ˜‚ğŸ˜‚,mehong segitu rebu ngapa hujat
REVIEW BATTLE SARDEK KAK !!!!!!â¤,review batle sardek
Yummy,yumy
Demi apa sihhh chikuro tuh emg seenak ituuuu ibuku sampe ketagihan loh,chikuro enak sampe tagih
Gw yg gk pernah liat di fyp: ğŸ—¿,liat
Boikot kk,boikot
Padahal matcha enak lohh kak,matcha enak
Kak tasyi bettle baso aci dong dan nugget ğŸ¥°,tasyi betle baso nuget
"bng roti sweety nya iput bng,,..
pasti enak dan sehat..ğŸ˜­",roti swety iput enak sehat
kakk cobain cimoot nya maudy tikktokk,cobain cimot maudy tiktok
1:31 kaget ada 2 jessica jane,kaget jesica jane
Gw pernah~ suka minuman di tempat a tapi makanan nya suka nya di tempat b ğŸ˜‚ğŸ˜…,suka minum makan suka
kak tolong dong plisssssğŸ˜Š makan emoji ini ğŸ¥ªğŸŸğŸ¥“ğŸ¢ğŸ‚ğŸ«ğŸ¦ğŸ¥›,tolong plis makan emoji
Battle Lapis Legit kayaknya seru kak,batle lapis legit kayak seru
Ngilerr ciiii astagaa pgn makan babi juga wkwkwk ğŸ˜‚,ngiler astaga makan babi wkwkwk
Apa karna kikir ya bolu 80 k mahal,karna kikir bolu mahal
suka bgt penjelasan rasanya selalu detaill,suka banget jelas detail
hayuu kakk review umkm lagiii yang bisa dibeli di online shop,hayu review umkm lagi beli online shop
DINDAA GEMES BGT HAHAHAHAHAHğŸ˜­ğŸ¤ğŸ»,dinda gemes banget hahahahahah
"1:33 eh aku sesuka itu samaa kue nagasakiiğŸ˜­
menurut ku enak banget",suka sama nagasaki enak banget
Mending fast track ke Dufan dah gua mah ğŸ˜‚ğŸ˜‚ğŸ˜‚,mending fast track dufan
Yg jujur jg ci'ğŸ˜‹ğŸ‘ŒğŸ‘ŒğŸ‘Œ,jujur
ci mkn reddog 24 jmmmm,redog
Aku biasanya pakai jamur itu pas bikin sup. Putih kenyal sih emg ğŸ˜…,pakai jamur bikin putih kenyal
revieww cimood nya maudy kakk,review cimod maudy
cobain ayam bawang putih goreng yang lagi viral ka indiraaaaâ¤â¤,cobain ayam bawang putih goreng viral indira
"Fried Chicken Master emg gokils sih bisa geser posisi Fried chicken yg lainnya di lidah gue. Dan satu selera sama Tasyi, untuk KFC original ada tempa tersendiri buat kulitnya, jd tergantung lagi mau yg mana. Gabisa milih!
Udh langganan bgtttt dari 2019-2020 deh kyknya.
Jd gasabar pgn cobain chikuro next klo ada kesempatan",fried chicken master gokils geser posisi fried chicken lidah selera tasyi original tempa sendiri kulit gantung gabisa milih langan 2019 2020 kyknya gasabar cobain chikuro next sempat
"Tapi itu gulai bukan kari makanya gak pake daun kari kakğŸ˜­, di medan gitu memang",gulai kari pake daun kari medan
Battle teh solo jalanan dongg,batle solo jalan dong
semangat kak ğŸ˜ğŸ˜,semangat
gigi,gigi
Vidio + drama nya dinda wkwkwkğŸ˜‚ğŸ˜‚,vidio drama dinda wkwkwk
Cii cobain kerupuk kulit 4 toples cii,cobain kerupuk kulit toples
"Ci saran dari aku kamera nya deketin lagii, ini kejauahan bgt apa lagi pas duduk, jadii gak terlalu jelas videonya",saran kamera deketin lagi kejauahan banget duduk jadi video
Kak roti o itu kakak aku yang jualğŸ˜Š,roti kakak jual
Halo,halo
Kak tasyi udh cobain udang balado nya la rimba blm,tasyi cobain udang balado rimba
Kak febi cobain makan pisang ijo yang virallâ¤â¤,febi cobain makan pisang viral
padahal sebelum viral luk chup di jajanan pasar indo ada kue yg sejenis gitu jg yg dibentuk cabe mini gitu wkwk lupa namanya,viral chup jajan pasar indo jenis bentuk cabe mini wkwk lupa nama
Dimana belinya,mana beli
"Halo ka, boleh kasih tau ga cara pesan marugame udon itu gimana hehe? 
Untuk aku yang baru pertama kali mau ke marugame udon ğŸ˜Š",halo kasih pesan marugame udon gimana hehe kali marugame udon
Cara BlLiNya Kya Bgitu Gmana??,blinya gmana
cobain donatnya pinkan mambo dong kaağŸ˜Š,cobain donat mambo
Cici mirip ci CIA ğŸ˜­ğŸ˜­,cici
ciiii kuliner di pekan raya Jakarta,kuliner pekan raya jakarta
cobain reddog kak,cobain redog
Kak coba Spil link pashmina nyağŸ™ğŸ»,coba spil link pashmina
"Gak puasa ya,ğŸ˜‰ğŸ˜‰ğŸ˜‰ğŸ˜‰",puasa
"nah gini dong kalo riview makanan duduk dlu sampet liat vidio kmren""dulu sampe kurang shrek gitu liatnya saran aja kağŸ˜Š",riview makan duduk sampet liat vidio kmren sampe shrek liat saran
"""rumah aku di aspal""",rumah aspal
Sedapnya,sedap
cantik bgttt kak tasyii masyaAllahh,cantik tasyi masyalah
Huruf A,huruf
Kak saya lagi puasa jangan bikin laper,puasa bikin laper
ka cobain cabe bendot dong,cobain cabe bendot
Tim martabak teLor,martabak telor
"aku rasa, pas bikin jalur fast track, mba PM gak pake itung2an, langsung tembak 2 juta mumpung ada yg bisa dimanfaatinğŸ˜‚",bikin jalur fast track pake itung2an langsung tembak juta mumpung dimanfatin
udah 12 hari ga uploadğŸ¥²ğŸ˜­ğŸ˜­,upload
Mengulang video ini cuman buat liat dinda hahahaha ucul bangettt ğŸ˜­ğŸ’™,ulang video cuman liat dinda hahahaha ucul banget
Njirrr padahal udah bayar donatnya tapi Pinkan ga niat jualan,njir bayar donat niat jual
Tim makan bakso cuma sambel aja. Biar ga ilangin rasa ORI nya.. makan mie ayam bahkan gapake apa apa nikmatin rasa ORI nya,makan bakso sambel biar ilangin makan ayam gapake nikmatin
"kak reting coklat dubai yg murah' dong, yg banyak di jual di tktok yg murah' itu loh kak",reting coklat dubai murah jual tktok murah
Sekarang Ada nggak Cici dah Bulan Juni ni school holidays â¤â¤â¤â¤â¤ğŸ˜ŠğŸ˜ŠğŸ˜ŠğŸ˜Š,cici juni schol holidays
"Sourdough ham and cheesenya ce Jacqueline itu jualan tiktokers yang paling bikin aku ngiler, yaAllah jadikan aku orang tajir biar bisa beli sourdough ham and cheese tiap mingguğŸ˜‚ğŸ˜‚",sourdough chesenya jacqueline jual tiktokers bikin ngiler yalah jadi orang tajir biar beli sourdough chese mingu
Wah mantul banget mbağŸ¤¤ğŸ¤¤,mantul banget
ngilerr bgt sama bakso kejuuğŸ˜,ngiler banget bakso keju
Cobain dimsum mentai narawi @ gelia linda dong ka,cobain dimsum mentai narawi gelia linda
Gak pernah liat suami nya kemana??,liat suami mana
Bang coba colab sama mas yangun,bang coba colab yangun
Aku malah lebih suka kalau Dinda atau Kay masuk frame nambah lucuuu vidionya dan mereka gemasss sekaliiiiiiiiâ¤â¤,suka dinda masuk frame nambah lucu vidionya gemas sekali
Kak aku pernah chitato di kremes trs kasi nasi,chitato kremes kasi nasi
oooouuu kak shadira udah ada risolnyaaaa baru tauu,shadira risolnya
Cobain minumanpoint coffe indomaret,cobain minumanpoint cofe indomaret
"sebagai food vlogger di Youtube Tasyi is the best food reviewer, opininya ga kaleng2, bahkan dia kasih masukan jika ada yg kurang.",vloger youtube tasyi best reviewer opini kaleng2 kasih masuk
Kecap nya belum diaduk kak,kecap aduk
cobain dimsum mentai pls kak,cobain dimsum mentai tolong
Ini gulai bukan cari cuy...bisa bedain gak sich ni orang...,gulai cari bedain sich orang
Gua lagi puasa,puasa
Bento nya Cece acid juga viral kakğŸ˜¢,bento cece acid viral
Salfok sama baju2 gamis kembang2 yg sering sipke kakk .spill beli dmna kakğŸ˜¢,salfok baju2 gamis kembang2 sipke spil beli dmna
kak cobain udang tofu nya larimba,cobain udang tofu larimba
"Beda dua bulan g ngaruh""ğŸ—¿",beda ngaruh
Tim ngiler,ngiler
Kak tasyiii toturial make up nya dong bagus bgt freshhğŸ˜Š,tasyi toturial make bagus banget fresh
Kak tasyi cobain sosis mamalelo,tasyi cobain sosis mamalelo
Lapis legit mau imlek banyak yg viral...,lapis legit imlek viral
Aku cuba makan buah nama depan B,cuba makan buah nama
Dendeng tuh emang enak bangettttttâ¤â¤,dendeng emang enak banget
Enak banget mau dong,enak banget
kak tasyi cantikk banget,tasyi cantik banget
Suku India sidhi,suku india sidhi
Salfok cardigannya ğŸ˜,salfok cardiganya
mampir ke tanjung duren ka jakarta barat seafoodnya punya ibunya gedehidayah itu enak banget jangan lupa coba,mampir tanjung duren jakarta barat seafodnya gedehidayah enak banget lupa coba
Yutuber ter fav itu kak pebby ...  Slalu mantengin konten2 kak pebby ... Pokonya suka bnget sama kak pebbyâ¤,yutuber peby slalu mantengin konten2 peby poko suka bnget peby
Banyak bwng putih nya ga kebayang rasanya,bwng putih bayang
Itu bukan lobster kak tapi crawfish. Menyesatkan emang branding produk nya,lobster crawfish sesat emang branding produk
Lawson emang seenak itu ğŸ˜­,lawson emang enak
Aku kalau makan suka nonton nanakoot,makan suka nonton nanakot
Kak beli dmna bajuny,beli dmna bajuny
Lemper enak banget,lemper enak banget
Enak banget,enak banget
Aceh hadir telat ci feb ğŸ˜,aceh hadir telat
1:32 aku pernah coba dan seenak ituğŸ˜­ğŸ’—,coba enak
review donat bahagia yang di bintaro dong ka,review donat bahagia bintaro
selalu nonton bg raviee pas lagi makanğŸ¥°,nonton ravie makan
Mie goreng Aceh enak bgt pils,goreng aceh enak banget pils
"guys yg nanyain abg gojeknya lewat mana, itu lewat samping jalan yg belum di aspal ya wwkkw, jdi ntar ak jemput jln kaki lewat pinggir parit wkwk, knp ak gabisa keluar krn mobil & motorny di dalem pagar ya gabisa keluar dongğŸ¤£",guys nanyain gojek samping jalan aspal jemput kaki pingir parit wkwk gabisa mobil motorny dalem pagar gabisa
COBAIN DIMSUM JINJI GAA â—,cobain dimsum jinji
Nama temen kakak kayak nama adek aku linggağŸ˜ŠğŸ˜…,nama temen kakak kayak nama adek linga
sukaa bgt konten kamu ka semangat terussğŸ’—,suka banget konten semangat terus
"Aku suka banget bg lihat km makan kapan kapan aku ke solo deh tapi agak jauh 
Jogja solo ğŸ˜…",suka banget lihat makan solo jogja solo
ada penglarisğŸ˜ğŸ˜,laris
Ngiler banget lihat kakak makan ğŸ¤¤ğŸ¤¤ğŸ¤¤,ngiler banget lihat kakak makan
Kak tasyi tolong battle lagi.. saus keju kak,tasyi tolong batle saus keju
"sekarang extra hati hati ya kak... dalam setiap kata yang akan kamu keluarkanğŸ˜­ğŸ˜­, the power of hujatan netizenğŸ™‚ğŸ™‚",extra hati hati keluar power hujat netizen
Yang kutunggu-tunggu menu lebaran nya kak.,tungu tungu menu lebaran
Raviiiieeee â¤,ravie
Ngiler bro,ngiler
ka tasyiii review bakso mozzarella cimood punya kak maudy yg viral di tiktok,tasyi review bakso mozarela cimod maudy viral tiktok
Ngapain bete,ngapain bete
Makan ayam rasa dagingnya anak palestina gak sih kak???,makan ayam daging anak palestina
aku sukanya sangbrut bangğŸ—¿,suka sangbrut bang
"Ini yang mau cerai ya? "", padahal cantik banget",cerai cantik banget
Cobain markibok punya Mamut kakk,cobain markibok mamut
Teh oolong beli dmn ya? Menurut aku teazzi biasa aja enakan chagee,olong beli teazi enak chage
"yang lain harganya normal, tapi risolnya benar-benar overpricedğŸ˜­ğŸ’” bayangin beli risol di UMKM/pasar 80rb udah dapat puluhan pcs, di kak shadira cuma 8.",harga normal risolnya overpriced bayangin beli risol umkm pasar 80rb puluh shadira
gue yang baby blues,baby blues
15 jutağŸ˜¢,juta
"Udh lama juga, gk makan sayur oyong ğŸ˜…ğŸ˜‚ sayuran kesukaan ku juga ğŸ˜Š",makan sayur oyong sayur suka
Ka tasyi cobain ubi yakon,tasyi cobain yakon
Ngakkkak bgt liat dindaaa core,ngakak banget liat dinda core
"Kak tasyi review makanan yg aku jual doang...
Aku kasih gratis aja buat kak tasyi.

Produk yg aku jual 
- kentang mustofa 
- sambel cumi
- donat topping
- cireng isi",tasyi review makan jual doang kasih gratis tasyi produk jual kentang mustofa sambel cumi donat toping cireng
"indomie aceh enk kok, enk bgt malah, yg blng rasa kalajengking emng dia udh pernah makan kalajengking ampe blng indomie nya rasa kalajengking",indomie aceh banget blng kalajengking emng makan kalajengking ampe blng indomie kalajengking
"Wah dah spt ini y food court Mall Ambassador, bagus banget.. Terima kasih Ci dah review mkn d siniğŸ™
Dl wkt blum ada Mall Kota Casablanca, hampir tiap hari pasti k sini, ada j yg d cari/ d butuhkan. Klo capek, mkn d food court lt 4, mkn annya enak2+ harga terjangkau dgn dompet pelajar. Sekarang namanya bkan food court  tp food District y ? jd ingin ksana lg..",court ambasador bagus banget terima kasih review blum kota casablanca cari butuh capek court anya enak2 harga jangkau dompet ajar nama bkan court district ksana
kenapa mukanya sama dengan cici korea,muka cici korea
Tim yg tetep nonton apapun yg terjadi ğŸ™ŒğŸ¼,tetep nonton
bjir yang 95K.. banyak harga yang murah dan lbh bagus bentuknya,bjir harga murah bagus bentuk
Enak tuh,enak
Battle donat aja ga siiiii ğŸ˜‚,batle donat
"kaa,buatt konten review makanan content creator dongg, kann yg kemarin makanann artiss",buat konten review makan content creator dong kemarin makanan artis
Orang kok makannya enak enak terus ya q jga mau,orang makan enak enak
Mbala cobain seblak instan tiktokers juga,mbala cobain seblak instan tiktokers
kacobain dimsum jinji,kacobain dimsum jinji
Ngiler liat jualan ci mehong tapi sygnya jauh bgtğŸ˜¢,ngiler liat jual mehong sygnya
"Kak review cake yang isian buah"" itu lo yang pernah direview ci meimei",review cake buah direview meimei
kak aku kasih saran...mendingan kakak beli es krim nya di xiyue soalnya di sana ada topping popcorn nya lhoo,kasih saran mending kakak beli krim xiyue toping popcorn
Basreng 24 dkit,basreng dkit
Nugget terenak menurutku nuggetnya superindo. Kalo royal gold blm pernah coba soalnya,nuget enak turut nugetnya superindo royal gold coba
"review plus ilmu sih buat para konsumen, kalau makan apa pun harus cek tanggal produksi dan expired",review plus ilmu konsumen makan tangal produksi expired
"Ci jane, saran aku bagusan rambutnya di rapiin sih, kayak di kuncir atau gmn gtuğŸ˜¢",jane saran bagus rambut rapin kayak kuncir
Kok muka nya kaya cia ya temen yang meisse,muka temen meise
Kak teman aku suka sama kakak namanya aroyan,teman suka kakak nama aroyan
"Nasi kuning mah pake ayam, telor, tahu, bumbu habang",nasi kuning pake ayam telor bumbu habang
kaa spill baju yang dipake,spil baju dipake
Kak Tasyi review makanan dan minuman dari kak Emil,tasyi review makan minum emil
kak kyanya lobster nya harus digoreng dulu lagi deh,kyanya lobster goreng
Kangen konten battle â¤â¤â¤,kangen konten batle
Sama donat,donat
kak feby itu gelasnya beli di mana ya suka mau belijuga terus nama gelasnya apa,feby gelas beli suka belijuga nama gelas
coba saja d dunia nyata ad suami model gitu,coba dunia nyata suami model
Wah keren banget,keren banget
recook dimsum kejunya dong ka tasyii 11:13,recok dimsum keju tasyi
Ketek lu tuh cukurr,ketek cukur
Mitos ojol terbang itu nyatağŸ˜Ÿ,mitos ojol terbang nyata
"Itu yg putri mandi itu, yg ijonya kaya klepon kaa",putri mandi ijonya klepon
Adakah yang sama kaya aku yang ngga suka sayur oyong ğŸ™‚,suka sayur oyong
Ka cobain bakso icung ka,cobain bakso icung
"sama lagii ga pduli merek ap kalo baso keju mah gassskeun!
bjirrr 95rb lukchup?? eduannn",lagi pduli merek baso keju gaskeun bjir 95rb lukchup eduan
"Yang lagi viral sekarang :
lumpia jebew idijafar, bakso cimood, ommane tteokboki, kimbap essel sama ommane, mie gacoan lv 9, lapis legit. Bisa cobain ini kakk",viral lumpia jebew idijafar bakso cimod omane teokboki kimbap esel omane gaco lapis legit cobain
rasgula itu terbuat dari susu permentassi ka bukan dari keju kalo yang gulab jamun itu di goreng dulu baru di siram air gula enak loh sama kopi pait minum nyh,rasgula buat susu permentasi keju gulab jamun goreng siram gula enak kopi pait minum
Bagilah gw melet,bagi melet
"Ci febbb spill lipcreamnya dong
Kok msh stain pisan wkwk",spil lipcreamnya stain wkwk
WIII KAKAKKK GERCEPP BANGETTğŸ˜­ğŸ˜­ BTW MANGATT ğŸ˜ƒğŸ˜ƒ,kakak gercep banget ngomong ngomong mangat
"tpi itu bukan putri mandi kak, putri mandi gak ada isinya cuman yg ijo sama putih santen ya doang",putri mandi putri mandi cuman putih santen
Lingga nama ayah kuğŸ™ğŸ»ğŸ˜­ğŸ˜­,linga nama ayah
makan serba matcha dong ka feby,makan serba matcha feby
Kak cara belinya gimana kan jalan nya kan di aspalğŸ˜…ğŸ˜…,beli gimana jalan aspal
Itu latio non halalğŸ˜‚,latio halal
Kl aku kl lg pengen aj lbh seriğŸ˜Šng nonton demon,seri nonton demon
Make up di sini bagussss bgttt,make bagus
Yang terakhir itu udah halal blm sih?,halal
Cobain yang lagi viral kak roti celup,cobain viral roti celup
"snack poppy + nasi enak kak, boleh dicoba",snack popy nasi enak coba
taahu nya beli dmna plis mau nyobain:(,tahu beli dmna tolong nyobain
24jam makan b2,24jam makan
Itu kayak nya ada kak shadira y,kayak shadira
ci jane bikin house tour rumah baruu dong!!,jane bikin house tour rumah baru
suka kontennyaa,suka kontenya
yangg chikuro kok bisa mahal bgt kaa ampe 50rb? di sini cuma 30k yg large,yang chikuro mahal banget ampe 50rb large
"Enak banget kak, semangat ya kontennya",enak banget semangat konten
Dimsum 86 kak tasyi,dimsum tasyi
"Ya iyalah kopinya kagak rasa kecap, orang kecapnya ngendep semua di bawah kagak ke aduk gitu'-'",kopi kecap orang kecap ngendep aduk gitu
"ciii ayo main among us lagi
ciii ayo main among us lagi
ciii ayo main among us lagi
ciii ayo main among us lagi
ciii ayo main among us lagi",main among main among main among main among main among
Ka feeby cobain makanan viral lagi dong yg pisang ijo itu,feby cobain makan viral pisang
ka tasyi cobain pentol cimod sama samyang stew,tasyi cobain pentol cimod samyang stew
"next,cobain bento acid KAAKKKKğŸ˜­ğŸ™ğŸ˜™",next cobain bento acid
"Ka Jessica makan 24 jam serba jagung ka ğŸŒ½
1. Bakwan jagung
2. Jasuke
3. Jagung rebus
4. Jagung bakar
5. Masak tumis jagung dengan ikan peda
6. Bikin mochi isi jagung ka

Makasih ka Jessica â¤",jesica makan serba jagung bakwan jagung jasuke jagung rebus jagung bakar masak tumis jagung ikan peda bikin mochi jagung terima kasih jesica
Ka nyobain krupuk kemplang palembang yg ada sambel warna hitam nya tuh ka,nyobain krupuk kemplang palembang sambel warna hitam
Kok makan nya pake tangan kiri sih,makan pake tangan kiri
odeng nya punya kantin KAI jarak jauh jg enak bgt harga ny 25rb,odeng kantin jarak enak banget harga 25rb
Makasih cece selalu memginfokan kehalalan kulinernyaaaa.. â¤â¤â¤,terima kasih cece memginfokan halal kulinernya
"Lemper di toko roti crystal lebih mahal lagi kak, RP.12.000 atau lebih kalau gak salah, soal rasa enak banget juga sii menurut ku cobain juga deh kak tapi ukuran jauh lebih kecil dari yg kakak makan ini.",lemper toko roti crystal mahal salah enak banget cobain ukur kakak makan
Setuju bgt sama tasyi aku cobain udang larimba emg rasanya kurang bumbunya,tuju banget tasyi cobain udang larimba bumbu
cii kameranya jauh bgtt,kamera
kak tasyii coba review tahu huha nya farida nurhan sama risol wagyuu dongg,tasyi coba review huha farida nurhan risol wagyu dong
Mantul,mantul
12:15 keluar logat balinyağŸ˜‚,logat
bikin part part sepanjutnya dong kakk eps ini,bikin part part panjut
klo chitato sama nasi itu hack aku waktu di pondok kalo lagi bokek,chitato nasi hack pondok bokek
Salah oh kakak,salah kakak
cmn d indo keknya snack d mkn pke nasiiğŸ¥°ğŸ—¿,indo snack nasi
Itu kan gambas yak? Di tempatku sebutnya gambasğŸ¤­,gambas tempat gambas
Cobaa siomay jinji juga kaaa,coba siomay jinji
"Sumpah, seblak itu kalo ga kerasa kencur ya bukan seblak njirrr. Ciri khas rasanya emg di kencur",sumpah seblak rasa kencur seblak njir ciri khas kencur
"Bagus si kontennya, tapi cm mau ngasih saran kalo misal beli makanan sebelum ditambahin saus, kecap, dll dirasain saji in originalnya dan direview juga. Jadi, base bumbunya bisa ke review juga",bagus konten ngasih saran beli makan ditambahin saus kecap dirasain saji originalnya direview base bumbu review
Boeti slay,boeti slay
cipuk nya digorengg duluu kakkğŸ˜­ğŸ˜­,cipuk digoreng dulu
"Huiikkkk lihat makanan wuenak, jadi pingin dan kalirennn reekkk...ğŸ˜‚",huik lihat makan wuenak pingin kaliren
Kk cobain es pisang hijau yang lagi viral dongggğŸ˜Š,cobain pisang hijau viral dong
"Kasih aku jajan dong Abang ajak aku jalan-jalan aku nggak pernah jalan-jalan Kak karena nggak punya duitğŸ˜”
ğŸ‘‡",kasih jajan abang ajak jalan jalan jalan jalan duit
Akhirnya up kak aku tiap hari bolak balik buka yt cuma mau liat konten kak peby huuuu,bolak buka liat konten peby
"ngapain pada rebutan donat modelan begituan sih, pada demen bgt ngasih panggung",ngapain rebut donat model begitu demen banget ngasih pangung
ribet bgt jir donat doang ğŸ˜­,ribet banget donat
Kalo latiao biasanya itu sumber rasa manisnya dari gula batu.,latiao sumber manis gula batu
spil bajunya kak,spil baju
Cobain yang merk gedang gendhut kak itu pisang nya kres banget krispi,cobain merk gedang gendhut pisang kres banget krispi
Selalu ngilerğŸ¤¤ğŸ¤¤ğŸ¤¤ğŸ¤¤,ngiler
ka tasyiiii cobaaaaaa oomo bakery ka elwiana monica,tasyi coba bakery elwiana monica
Jinjin dimsum kak,jinjin dimsum
makan nasi  kuning biasanya aku pake tangan,makan nasi kuning pake tangan
Cobain bakso samrat kak,cobain bakso samrat
"lucu banget dinda nawarin ibu vivi minum hahahaah. kebiasaan toddler bgt, satu minum semua minum",lucu banget dinda nawarin vivi minum hahahah biasa todler minum minum
"Kaa maaf salfok, tutorial hijab dong kaa camtik gitu",salfok tutorial hijab camtik
Enak ya klo bnyk duit apa aja bisa makan enak,enak bnyk duit makan enak
pangsit nyai mercon dongggg,pangsit nyai mercon dong
tahu kaget desa pen22 kec mundu kab cirebon,kaget desa pen2 mundu cirebon
Kalau pesen makanan NY,makan
Masya Allah smoga sukses selalu kak amin panjang umurnya dilancarkan rezeki nya dimudahkan dalam segala urusan nya amin ya Allah ya Allah ya â¤ğŸ˜ŠğŸ‰sampai 30 Juta Subscriber aminn kak yaa,masya alah smoga sukses amin umur lancar rezeki mudah urus amin alah alah juta subscriber amin
"Dikasih kenikmatan dunia, jgn sampe lupa yaaa kk kodratnya ğŸ™",kasih nikmat dunia sampe lupa kodrat
"Kak, apa pernah coba review produk2 es krim Indonesia? Belakangan ini sepertinya banyak merk es krim baru bermunculan seperti haku monaka, joy day, dsb ğŸ˜Š",coba review produk2 krim indonesia merk krim muncul haku monaka
Jadi KEINGET VIDEO NYA WKWKW YANG CIUMAN SAMA COWOğŸ¤£ğŸ¤£ğŸ¤£ğŸ¤£,keinget video wkwkw cium cowo
yang suka mindomi kumpul atu mi aceh,suka mindomi kumpul aceh
Pengen banget di sapa sama veliağŸ˜Š,banget sapa
Oelek = ulek ciğŸ˜‚,oelek ulek
"Sering"" dinda ngerusuh biar seruuğŸ˜‚",dinda ngerusuh biar seru
"Donat justru aku sukanya dikit aja isiannya, krn pengen makan donatnya, yg penting si donatnya, gimana Kak si donatnya enak ga? Misal tanpa isian",donat suka dikit makan donat donat gimana donat enak
kak di part berikutnya cobain MPASI BAYI BAJANG cece acid,part cobain mpasi bayi bajang cece acid
Terus kakak belinya lewat jalan mana,kakak beli jalan
Review udang tofunya hampir sma kyk kak ayu wisya,review udang tofunya wisya
Risolnya 9rb/10rb mahal klo ukurannys sgtu.. Kyk harga kebab,risolnya 10rb mahal ukuranys sgtu harga kebab
Baksonya mahal,bakso mahal
"Menurut ku ya, mie goreng Aceh itu kurang masuk di aku. Kayak aneh aja rasanya, terus aku paham kenapa tasyi bilang kalau mie Aceh itu rasanya kayak saus kalajengking. Kalo aku nangkepnya maksud dia tuh kayak mie yang di masukin rasa aneh aneh saus aneh aneh gitu yang asing di lidah.",goreng aceh masuk kayak aneh paham tasyi bilang aceh kayak saus kalajengking nangkepnya maksud kayak masukin aneh aneh saus aneh aneh asing lidah
ramen terenak sepanjang masa emang seirockya ğŸ˜­ setelah cobain ramen ini itu pas makan seirockya pasti ga bakal bisa berpaling deh ğŸ˜­,ramen enak emang seirockya cobain ramen makan seirockya paling
ğŸ˜‚ğŸ˜‚ğŸ˜‚ğŸ˜‚ğŸ˜‚ğŸ˜‚ MISKIN,miskin
"Chili oil + minyak dri cirengnya, ya iya ci minyaknya bngt tu kuahğŸ¤£ğŸ™ğŸ»",chili minyak cirengnya minyak banget kuah
Pak supir bagian ngabisin ya ciğŸ¤£,supir ngabisin
Ci menu spesial favorit incess diawali huruf R,menu spesial favorit inces awal huruf
Donat ka pingkan dong ka,donat pingkan
Bakso mozza kak punya nya kakak nya demian teh maudyy,bakso moza kakak demi maudy
Aku suka banget ğŸ˜ŠğŸ˜ŠğŸ˜ŠğŸ˜ŠğŸ˜ŠğŸ˜ŠğŸ˜Š,suka banget
MOON GO YOUNG ADA MAMI JINJI JUGA / SHADIRAFIRDAUS,young mami jinji shadirafirdaus
Kak cobain samyang stew,cobain samyang stew
coklat Tulip enak kak,coklat tulip enak
Ci jane kayaknya bikin konten review jajanan warung jadul sama ko erwin seru deh,jane kayak bikin konten review jajan warung jadul erwin seru
Usul coba review mie bangladesh nya ka paula verhouven dong ka tasyi,usul coba review bangladesh paula verhouven tasyi
"Maminya cantik..
Ences mirip siapa ya",mami cantik ences
Ceban tu berapa ya,ceban
Lemper nya bikin ngiler jadi penasaran mo beli tapi jauh ğŸ˜®,lemper bikin ngiler penasaran beli
Sy tim mkan bakso pake kecap + saos ğŸ¤¤ğŸ¤¤,mkan bakso pake kecap saos
cobain mozarella susu dancow kak,cobain mozarela susu dancow
kaa aku punya lenggannan baso keju dia harganya murah bgt kak cmn 11 ribu dan menurut aku itu udh enak bgt dngn harga 11 rb kejunya banyak dan rasa kejunnya itu udh gurih namanya baso kangen yg jualan ibu sama anaknya biasanya rame sepulang sekolah anak anak sekolah kak lokasinya di jakarta timur di jalan muara 3 kak,lenganan baso keju harga murah banget ribu enak banget dngn harga keju gurih nama baso kangen jual anak rame pulang sekolah anak anak sekolah lokasi jakarta timur jalan muara
Tasyi boleh donk bikin video cobain/battle Sushi2 murah (cth: sushi-yay / sushi-go) ğŸ™ğŸ»ğŸ˜‰,tasyi donk bikin video cobain batle sushi2 murah sushi sushi
nonton sambil makan ğŸ˜¸ğŸ˜¸,nonton makan
cobain dimsum mentai dgn rating terburuk kaaa pasti ngiler bgtt tiap km makan apapun bikin aku laperr ğŸ˜­ğŸ˜­,cobain dimsum mentai rating buruk ngiler makan bikin laper
Kak main among us lagi,main among
"aku dri kalbar dan udh bertahun thun di ponti blm prng dngar,makan kue kentut dn aku smpe tnya kwan2 aku jg nggk tauğŸ˜‚ğŸ˜‚ atau beda namanya atau gmna wkkw",kalbar tahun thun ponti prng dngar makan kentut smpe tnya kwan2 beda nama
baso cimood pnya maudy dong mbala,baso cimod pnya maudy mbala
BATTLE RISOOOLLL!,batle risol
Harga nya bang?,harga bang
"Seirock ya ramen asli enak bgt , lumayan mahal sih tapi rasanya emg seenak ituğŸ˜",seirock ramen asli enak banget lumayan mahal enak
ci udh ciiii ngiler mulu liatnya kalo cici makanğŸ¤£,ngiler mulu liat cici makan
"13:42 kak, kalo makan pedes jangan minum sodağŸ˜‚ tambah pedes ğŸ˜­",makan pedes minum soda pedes
Dibandung ada rochi. Roti mochi ğŸ˜…,bandung rochi roti mochi
Kasih link link nya dong kak mau juga cobain,kasih link link cobain
24 jam makan serba macha kaaaa,makan serba macha
kak Ternyata ada yah gildak di Bali ğŸ˜®,gildak
"Apa cuma perasaan gw aja ya, kaka ini mirip sama cici korea?ğŸ—¿ğŸ™",kaka cici korea
Ci Jacqueline emang pinter bikin kue dan jg roti sih.,jacqueline emang pinter bikin roti
Alpok Ama smoth like butter ğŸ˜…,alpok smoth like buter
Kak kok kakak menurut ku kakak mirip kak Rere ğŸ˜…ğŸ˜­,kakak kakak rere
Pliss haha aku belajar apa itu ain itu dari sini makasih yaa kak tasyi udah ngajarin apa itu penyakit ain,tolong haha ajar terima kasih tasyi ngajarin sakit
Pindah rumah lagi kah? Atau dapurnya di renovasi?,pindah rumah dapur renovasi
Duh mantul,mantul
cobain roti sweety putri padang kak,cobain roti swety putri padang
Who is this woman,this woman
Batlle Dubai Cokelat versi Cake Jar nya dong,batle dubai cokelat versi cake
makeup nya cantik ka,makeup cantik
Enaknya itu beli di mana dong,enak beli
Aku gk suka nasi kuning,suka nasi kuning
yummy...yummy...yummy,yumy yumy yumy
Kakk maaf bgt bukannya daging Ham itu haram? 5:46,banget daging haram
"Kak harus cobain otak"" Khas makassar",cobain otak khas makasar
Candu banget di menit 3:05ğŸ¤£ğŸ¤£,candu banget menit
"kak pebbi, aku pernah makan kue nagasaki rasa blueberry, disekolahku ada, tapi aku kelas 4b, di mi islamiyah, dan aku belinya di ma islamiyah karena deket mi dan ma deket banget kak pebbi, aku suka blueberry, aku belum pernah makan rasa mangga, coklat dan stroberi, aku suka rasa blueberry, enak banget pebbi, 10/10",pebi makan nagasaki bluebery sekolah kelas islamiyah beli islamiyah deket deket banget pebi suka bluebery makan manga coklat stroberi suka bluebery enak banget pebi
Ci kalau yang halal yang warna ijo ya kalau yang tidak halal yang warna merah ya,halal warna halal warna merah
Kakk cobainnn yang lagi viral seblak njadoull yang kerupuk orennnâ¤,cobain viral seblak njadoul kerupuk oren
Cino jowoâ¤,cino jowo
Sedetail itu kak tasyi klo review suka bgt aku asli lope kak tasyi ğŸ’•,detail tasyi review suka banget asli lope tasyi
Arie nisa udh nyoba bli mkan bolu ketan pas anniv,arie nisa nyoba mkan bolu ketan aniv
mirip cia sunpah,sunpah
Waduhh mantep wajib datang nihâ¤,waduh mantep wajib
"Kak sorry oot, buat tutorial pashmina tutup dadanya dong...itu pashminanya kk yg biasa atau emg harus yg panjang?",sory tutorial pashmina tutup dada pashminanya
Cipuknya goreng dlu plsss,cipuknya goreng
Dinda love u gemez dech,dinda love gemez dech
aku nyobain resep viral original dari ka itsfriday selalu cepet banget ludes ayamnya di rumah karena comforting juga,nyobain resep viral original itsfriday cepat banget ludes ayam rumah comforting
Udh prnah coba oifyoo???,prnah coba oifyo
Cobain cimod kak sama ayam itsfryday,cobain cimod ayam itsfryday
nashvilla hot mozarella ka tasyi,nashvila mozarela tasyi
Lawson emang seenak itu kakğŸ˜­ğŸ˜­,lawson emang enak
Ka coba battle mochi dri yg murah smpe yg mahal,coba batle mochi murah smpe mahal
Dimana itu kk ğŸ˜…,mana
"Pengumuman.......
In Sya Allah Bayu nanti ada usaha kosan 20 pintu di dkat kmpus B Uin Jakabaring Palembang di tmpt tmpt yg strategis",umum alah bayu usaha kosan pintu dkat kmpus jakabaring palembang tmpt tmpt strategis
Bisakah makan tangan kiri?ğŸ˜…,makan tangan kiri
sekilass miripp kaa iciss kaağŸ˜Š,sekilas mirip icis
Coba rivyu roti swety putri padang kak,coba rivyu roti swety putri padang
Btw ga sama mas bucin kahh,ngomong ngomong bucin
"Yg lobster itu, wkwkw ngingetin sama babycrab sama kripik kaca. Tajem dan gak bisa dimakan. Gada rasa lagi wkwkwwk mungkin gue apes kali ya haha",lobster wkwkw ngingetin babycrab kripik kaca tajem makan gada wkwkwk apes kali haha
Donat banyak yang jual sama risol cireng juga tapi jauh dari rumahğŸ˜¢,donat jual risol cireng rumah
IHHH ADA MBA BULANN,bulan
Kakak cocok jadi idol,kakak cocok idol
Telatttt ğŸ˜¢,telat
Ini India Indonesia Muslim ya,india indonesia muslim
Tidak cocok untuk saya yang kaum mendang mending heheh,cocok kaum dang mending heheh
Nasi kuning sama ayam goreng,nasi kuning ayam goreng
Suka sm papanya sll support dan ikutan makan.. hihihi..kompak selalu yaa,suka papa suport ikut makan hihihi kompak
Bosen,bosen
Bakso maudi mahal kaliğŸ˜‚,bakso maudi mahal kali
bluder biasanya teksturnya tuh parpaduan roti dgn bolu.,bluder tekstur parpaduan roti bolu
Kalau 55ribu pn sangup aku beli sbb udang nya bsar HAHAHAH,5ribu sangup beli udang bsar hahahah
"review minuman klapa gococo, medcoco, pokokny yg klapa kaaa, yukbisayukk!!!!!!",review minum klapa gococo medcoco pokokny klapa yukbisayuk
"Pasti nggak pernah 
Paru Goreng + fresh sambal mentahan + kubis Goreng",paru goreng fresh sambal mentah kubis goreng
Aku suka,suka
"Kak battle saus keju dong , sejauh ini susah cari saos keju yang enak",batle saus keju susah cari saos keju enak
Kak jangan banyak2 makan mixue ada yang haram tau kak,banyak2 makan mixue haram
Yg ke2 itu pakai migelas baru enak kk,pakai migelas enak
itu artis korea pemain film di true beauty bukan siihh,artis korea main film true beauty
Tasyi perfect disini cantik banget,tasyi perfect cantik banget
Jual donat mahal banget hanya dengan menjual namanya sebagai artis dan ga profesional banget. Masa tiba-tiba cancel. Bilang ada fast track tapi orang mau bayar fast track tapi ga ada kejelasan juga. Ga respon juga waktu chat WA. Ini orang ga siap banget jualan.,jual donat mahal banget jual nama artis profesional banget cancel bilang fast track orang bayar fast track jelas respon chat orang banget jual
Kak tasyi itu yg kue kentut kita di pontianak sebutnya OW THO harga perpcs nya biasa 5ribu.,tasyi kentut pontianak harga perpcs 5ribu
Lemper holand bakery memang uenaaaak â¤,lemper holand bakery uenak
VELIAA AK FANS BERATT MUUâ¤â¤,velia fans berat
kok g pernah kliatan di IG kak,kliatan
Aku yang mau coba mi aceh yang katanya rasa kalajengking tp aku gk tau rasa kalajengking gimanağŸ˜¢,coba aceh kalajengking kalajengking gimana
PRJ emang mahal2 padahal jajanannya sama kyk pasar MLM biasağŸ˜…,emang mahal2 jajan pasar
Kak kangen makanan rating terburuk di Shope bikin lagi kak â¤,kangen makan rating buruk shope bikin
Lemper Holland bakery,lemper holand bakery
Kan kata kakak lagi di aspas tapi pesen makanany gimana??ğŸ˜…ğŸ˜…,kakak aspas makanany gimana
Ooh masyllah bangtâ¤ kk,masylah bangt
"KAA MAMPIR GA KE UPTOWN PARK SMS DEKET KAN SAMA RUMAH KAMU, CARI DURIAN KELILING ADA AKUâ¤ï¸",mampir uptown park deket rumah cari durian keliling
Jualanya iput ngga mau coba bang?,jualanya iput coba bang
Bang coba risol padilo,bang coba risol padilo
"Kmren sy beli bebek sama udah saus mentega cuma kurang enak ci
Liat cici mh enKğŸ˜",kmren beli bebek saus mentega enak liat cici
Baru tau kalau dipontianak ada kue kentut ğŸ˜‚,dipontianak kentut
cobain cirengnya chef mamut,cobain cirengnya chef mamut
Akhirnya kak pebby ngomong nenas ğŸ˜‚ğŸ˜‚,peby ngomong nenas
Mahal naget nyağŸ˜¢,mahal naget
Ci review Lumiere dong plisğŸ˜Œ,review lumiere plis
Kak mna resep donut labunya,resep donut labu
Apa cuman aku ya yang nyadar kalo kak Pebbi mirip sama kak cucuapho ğŸ§,cuman nyadar pebi cucuapho
chitato sama yogurt plain enak,chitato yogurt plain enak
"Putri mandi tuh tekstur nya kyk pisang ijo kak peb bedanya pisangnya di ganti klepon gtu jdinya klo putri mandi bubur sum"" sama klepon aja klo asli hrsnya buburnya gk se gelatin gtu kak jdi kyk bubur tekstur nya kyk punya kak sibung""",putri mandi tekstur pisang beda pisang ganti klepon jdinya putri mandi bubur klepon asli hrsnya bubur gelatin bubur tekstur sibung
please tasyi review donat bibblebake dong penasaran banget worth it ga dengan harga 20an ğŸ™ğŸ»,tolong tasyi review donat biblebake penasaran banget worth harga 20an
Kak coba in lukcup,coba lukcup
Masyllah bnr2 Enk bang kk,masylah bnr2 bang
"Ka tasyi coba dong indomie dari kalsel. Rasa Soto banjar yg biru sama soto banjar limau kuit. Terus indomie goreng kalimantan juga. Soalnya indomie goreng kalsel beda dengan beberapa pulau lainnya ka. Kalau kalsel sama, sama pulau apa gitu ka. Cabenya indomie kalsel pakai cabe bubuk. Kan ad yg pakai cabe saos. Coba deh ka. Soto banjar limau kuit itu enakkkkk banget",tasyi coba indomie kalsel soto banjar biru soto banjar limau kuit indomie goreng kalimantan indomie goreng kalsel beda pulau kalsel pulau cabe indomie kalsel pakai cabe bubuk pakai cabe saos coba soto banjar limau kuit enak banget
Kak coba makan dimsumnya kak  isfredy yang jumbo dong,coba makan dimsumnya isfredy jumbo
Bang lingga pacar aku bang,bang linga pacar bang
chitato + nasi selalu aku makan klo laper malem' ğŸ˜,chitato nasi makan laper malem
Kak bole tanya gk,bole
Haha nilainya merendahkan ğŸ˜Œ,haha nilai rendah
Anjay cuaks slebeww Wakwaw,anjay cuaks slebew wakwaw
Cobain gedhang gendhut by gendudgurl kak no alot2ğŸ˜ğŸ˜ğŸ˜,cobain gedhang gendhut gendudgurl alot2
Make up ka tasyi yg ini cocok bgt ama ka tasyi suka bgt lihatnya masya Allah cantikâ¤,make tasyi cocok banget tasyi suka banget lihat masya alah cantik
"Aq adalah korban pecinta crystaline ala kak tasyi, sumpah ya dlu gk prnh milih brand itu, smnjak kak tasyi review dan approve aq lgsg beralih ke crystaline, mana enak, murce lg ğŸ˜‚",korban cinta crystaline tasyi sumpah prnh milih brand smnjak tasyi review aprove lgsg alih crystaline enak murce
Syukaa outfutnya mba mia iniâ¤ gamisnya simple  kyk addemm gituğŸ˜Š,syuka outfutnya gamis simple adem gitu
Itu yg bolu dilapisin mochi aku pernah beli satu bungkus nya 2rb an ğŸ˜Š,bolu dilapisin mochi beli bungkus
Ka aku udah subscribe mana hadiah ku,subscribe hadiah
Wow makanan sultan semuağŸ˜¢,makan sultan
24 jam makan solaria. Dah pernah blm si ce?ğŸ˜‚,makan solaria
Lh trs makanan nya beli di mna klok jalannya di aspalğŸ¥²,makan beli klok jalan aspal
Kak coba makan serba Holland bakeri,coba makan serba holand bakeri
Amis tidaknya ikan itu tergantung bumbu yang dipake.,amis tidak ikan gantung bumbu dipake
"cimood nya maudy kak, dimsum jinji, ayam goreng baput",cimod maudy dimsum jinji ayam goreng baput
Kak cobain ayam goreng garlic nya kak itsfryday dong,cobain ayam goreng garlic itsfryday
Kak cobain coklat falala dong ada loh dibali,cobain coklat falala
Ka tasyi review udang tofu la rimba yang setuju kak tasyi review ini komen,tasyi review udang tofu rimba tuju tasyi review komen
"Seenak apasih donatnya, sampe pada fomo gtuğŸ˜‚",enak apasih donat sampe fomo
tim yg ga peduli apapun org ngmg skli sukak ya sukak krna seruuğŸ˜‚,peduli ngmg skli sukak sukak krna seru
Bikin video mukbag cireng ndutts fahry tiktokers dong kak,bikin video mukbag cireng nduts fahry tiktokers
"lalap platter nya kurg puas..
soalnya kebanyakan makan nugget nya bukan lalap nya..
jd ga sesuai sma nama nya "" lalap platter """,lalap plater kurg puas banyak makan nuget lalap sesuai nama lalap plater
Chikuro kesukaanku,chikuro suka
Nasi chitato mah makananku waktu tanggal tua,nasi chitato makan tangal
"Ci ,makan apapun kok badannya gk gemuk ya ,minum pelangsing apa ya ,ci ..?",makan badan gemuk minum langsing
"kak semoga kakak baca komen aku ya wkwkwk suka banget sama konten kakak tentang review makanan gini, krna menurut aku ka tasyi nih tau banget yg emang menurut kita murah loh, pdhal duit dia banyaaakkkk, bukan yg murah bagi orkay, tp murah bagi aku yg low budget gini kalo jajan wkwkwk kaya donat 14rb dia blg mahal ya bener, mahal menurut aku maap ya aku emg kaum mendang mending, disini ada donat susu cuma 6rebu doang dan penampakannya persis kaya gitu juga. jd ka tasyi nih kaya pro kaum mendang mending kaya aku ğŸ˜­ğŸ˜­ğŸ˜­ sukses terusss ya ka tasyi kontennya ğŸ˜",moga kakak baca komen wkwkwk suka banget konten kakak review makan krna tasyi banget emang murah pdhal duit banyak murah orkay murah budget jajan wkwkwk donat 14rb mahal bener mahal kaum dang mending donat susu 6rebu tampak persis tasyi kaum dang mending sukses terus tasyi konten
"Awal nya mau heran..dari mana dtg nya sate padang kalau ga bisa keluar..


Ahmungkin tukang sate Padang nya rela injak aspal ğŸ˜‚ğŸ˜‚",heran sate padang ahmungkin tukang sate padang rela injak aspal
kak tasyi itu di pim di  mana,tasyi
Jagalah kesihatan bukan semua makanan manis pun mau di bedal,jaga kesihatan makan manis bedal
kok koyok mama mega yo,koyok mama mega
Penonton setiaa mana suaranyaa,tonton setia suaranya
Kak cobain ayam goreng bawang putih dong plis,cobain ayam goreng bawang putih tolong
Semua mie warna nya kuning kak ğŸ˜‚ğŸ˜‚ğŸ˜‚,warna kuning
"jngn keseringan makan salmon mentah diindonesia. salmon diindonesia semuanya udah udah proses pembusukan, karna proses pengiriman yg lama, kecuali kalau beli salmon masih hidup dipotong depan mata.

salmon batu dipotong fresh itu gak ada amis , rasanya manis dn segar bgt.
resto bintang 7 sekalipun kadang kalau diindonesia beli ikannya mati bukan hidup. ikan mati meaki dikirin frozen, sebeku2nya juga nyampe indonesia pasti udah gak fresh dan gak beku2 amat, baikny salmon mateng, mateng aja kadang amisnya bukan main. sehat2 ya km",jngn sering makan salmon mentah indonesia salmon indonesia proses busuk karna proses kirim kecuali beli salmon hidup potong mata salmon batu potong fresh amis manis segar resto bintang kadang indonesia beli ikan mati hidup ikan mati meaki dikirin frozen sebeku2nya nyampe indonesia fresh beku2 baikny salmon mateng mateng kadang amis main sehat2
"Pas aku liat chees cake mochi nya kok ada warna ijo ijo gitu yaa? , aku kira chees cake mochi nya udah berjamur tapi kalo udah berjamur kenapa di makan kak pebby ya",liat ches cake mochi warna ches cake mochi jamur jamur makan peby
Kue kentuk tu 1 pcs biasa seharga 3000 untuk kota singkawang kalbar,kentuk harga kota singkawang kalbar
KA di aku lemper 2000an,lemper 20an
Selalu saflok sama baju2nyaâ¤,saflok baju2nya
Gue seneng nya itu sama cci inih klw makan slalu barangan mau sama pak supir atau sama mb mb nyah ga membeda bedakan kaya teh gina sama satu lagi yang nama akun nya bung bung mereka slalu kompak beda sama yang sebelah,neng inih makan slalu barangan supir nyah beda beda gina nama akun slalu kompak beda belah
Pecel,pecel
"Seneng bgd sama kak Tasyi soalnya dia tuh ngutamain kaum krg menengah ke bawah dari pembawaan dia slama iniâ€¦ dari pembawaan dan kata2 dia rekomendasi dia
Yg slalu salut sma yg makanan/mnuman brand yg ga gt mahal tapi enak mending beli yg bla bla blaâ€¦â¤",neng banget tasyi ngutamain kaum tengah bawa slama bawa kata2 rekomendasi slalu salut makan mnuman brand mahal enak mending beli
Paling suka kalok kak tasyi lagi reviewğŸ«°ğŸ»,suka kalok tasyi review
Kak cobaa makan cabe gendot teh santii,coba makan cabe gendot santi
"Aku malah terhibur kalo ada dinda sama kaylan soalnya lucu aja gt , seringÂ² bikin konten sama mereka kak seru bikin ngakak trss",hibur dinda kaylan lucu bikin konten seru bikin ngakak
Dindaaaa seru bgttttâ¤,dinda seru
Kak cobain dimsum jinji enak tau kağŸ˜Š,cobain dimsum jinji enak
kak Feby cobain PERMEN MUSIKK  yang bisa nyala kalau di makan,feby cobain permen musik nyala makan
Kak aku tantang 24 jam coba semua makanan dari mollysnaks udh sub nih kak,tantang coba makan molysnaks
"ASSALAMUALAIKUM MAKSUD ABANG NYA INI ITU MINUMANNYA YANG HARAM YA JADI MAKSUDNYA CIS CIS HARAM SEKALI ITU MINUMAN NYA YANG HARAM 
BUKAN LAGU NYA YANG HARAM
SEKIAN TERIMAKASIHğŸ™ğŸ™ğŸ™",asalamualaikum maksud abang minum haram maksud haram minum haram lagu haram sekian terimakasih
Kak pebby pulang demo nihh dari jktğŸ˜‚,peby pulang demo
"cobain dongg kaaa

â€¢ pentol, baso maudy
â€¢ mie, cumi meldi",cobain dong pentol baso maudy cumi meldi
"Enduel- endul cita rasa jajanannya â¤â¤ğŸ‰,makasih Kak Tasyi udah notify kalau snack lobsternya rasanya kayak kaca pecah waduh bisa bikin gusi sobek jadi infeksi donk.",enduel endul cita jajan makasih tasyi notify snack lobster kayak kaca pecah bikin gusi sobek infeksi donk
NgilerğŸ¤¤ğŸ¤¤,ngiler
Ga shanggup sate padang sama mieeeeee,shangup sate padang
Kak pebby mirip sama kak cucuapho,peby cucuapho
BAKSO 90 ribuuu??? wahhh,bakso ribu
"Pernah dikasih kepiting, tapi penjualnya gabisa ngolah, walhasil rasanya gaenakğŸ˜¢",kasih kepiting jual gabisa ngolah walhasil gaenak
"kak tasyii, coba review opor susu legenda punya nya jo streamer game",tasyi coba review opor susu legenda streamer game
Kak makan makanan yang kakak gak suka/kurang suka dong,makan makan kakak suka suka
TPI enkkk isiinyaa banyakkk puassss,isinya banyak puas
"Kak...kan pernah review susu coklat.Boleh gk k...review Chocholate drink yg emang Mantaph rich mahal.Misal Caotina swiss choco ,delfi,cadbury,starbucks,CY ,dll.Sgala choco powder drink yg Mahal taste nya..tp bukan tipe chocolatos ğŸ˜‚kali kali review yg sultan k",review susu coklat review chocholate drink emang mantaph rich mahal caotina swis choco delfi cadbury starbucks sgala choco powder drink mahal taste tipe chocolatos kali kali review sultan
coba pani puri,coba puri
Menyala dompetku ğŸ”¥ğŸ”¥ğŸ”¥ğŸ”¥terbakar ini mh jebol buat beli dessert mehong kek gni mending bkin sendiriğŸ˜…ğŸ˜…ğŸ˜…,nyala dompet bakar jebol beli desert mehong mending bkin
seru bgtttt!!! kakkkkk ^____^,seru
Cobain pentol kak Maudy kak,cobain pentol maudy
aku suka bakso,suka bakso
waitt.. ham and cheese??? ham apa beefffff??,wait chese
Mertuanya lagi mantau bagaimana reaksi menantunya ğŸ˜…,mertua mantau reaksi menantu
Ci cobain Jajanan Iput Cii,cobain jajan iput
Itu semuanya halal gk ciiiiiiii,halal
Iga bakar Makassar the best â¤,bakar makasar best
ditunggu upload selanjutnya yaa ciii,tungu upload
3rb an paling mahal kak,mahal
Mana resep cabe gendotnya ka,resep cabe gendotnya
Kak. Coba chelens makanan serba Garuda food,coba chelens makan serba garuda
Pokoknya habis makan sebelum nonton ka tasyiâ¤ğŸ¤©,pokok habis makan nonton tasyi
"Ya allah ceeee wetenge ra bek ta , paling sing di maem mek suitik suitik yooooo heheheeee.... jd pengen makan bareng senenggg ndelok carane maem ma ngomonge ra julid opo maneh nek ngomong.. mooh aq gak cocok",alah wetenge sing maem suitik suitik hehehe makan bareng seneng ndelok carane maem ngomonge julid maneh ngomong cocok
3:20 gila sih pemerasan berkedok jualan donat gasih ğŸ˜‚,gila peras kedok jual donat gasih
Kak kakak makan nya pakek tangang kiriğŸ˜¢,kakak makan pakek tangang kiri
"KAKK, COBAIN JALEBI DONGG, KRENYES BGT ENAK LIATNYAğŸ˜‚ğŸ˜‚, SEMANGAT KAA",cobain jalebi dong krenyes banget enak liat semangat
Link pangsitnya kkğŸ™,link pangsit
Wiii enak bgt tuh kak,enak banget
"Hari gini pembuatan jalan ditempat saya sudah tidak diaspal lagi, tapi dgn cara dicor sebab pembuatan jalan dgn cara dicor akan lebih kuat dan lebih tahan lama.",buat jalan tempat aspal buat jalan kuat tahan
Kalo makan moe sepuasnya cuman bayar segitu aku sih pasti selalu bolakÂ² kesana ğŸ˜‚,makan puas cuman bayar segitu bolak kesana
Aku ga skip iklan krn seru bgttttt ada dindaaaa ğŸ˜‚ğŸ¥°ğŸ˜â¤ pliss bikin lagi ada kay jugaaaaaa ğŸ™ğŸ»,skip iklan seru dinda tolong bikin juga
"Untuk bolu ketan sebesar itu se enak itu sih worth it banget, oke bgt harga segitu",bolu ketan enak worth banget banget harga segitu
Ka bikin konten beli jualan live org yang sepi dong kakğŸ˜Š,bikin konten beli jual live sepi
KA kali kali beli rendang KA Eko dan kayes dong,kali kali beli rendang kayes
Prodak dari lianggui cobain yang nouget manggo nya ka enakğŸ¤¤,prodak liangui cobain nouget mango enak
Seneng lihat kamu makan,neng lihat makan
Kak itu makaroni ko engga yg kuntilanak yg merah,makaroni kuntilanak merah
Kak cobain cireng Sanrio dong,cobain cireng sanrio
"akhirrnya upload, kirain udh lupa punya channel youtube ğŸ¤¬ğŸ¤¬ğŸ¤¬",akhirnya upload kirain lupa chanel youtube
"anjir banget komennya tasyi ini bikin ngakak ""makan keripik kaca versi berbahaya""",anjir banget komenya tasyi bikin ngakak makan keripik kaca versi bahaya
Dimsum jinji engga bang,dimsum jinji bang
"kak janeeee please konten makan 24 jam bareng kak erwinn, seru tauuu aku suka nontonin sambil makaan",jane tolong konten makan bareng erwin seru suka nontonin maka
kaaakk bettle minuman coklaaaaattt,betle minum coklat
Cobain ayam goreng bawang putih mbalaaa,cobain ayam goreng bawang putih mbala
Asisten nya keenakan dpt mkn gratis trus,asisten enak gratis
Cobain nasi goreng tambah roti kak,cobain nasi goreng roti
Kak sebaiknya boycott ya untuk membantu saudara muslim kita di Palestina terimakasih,boycot bantu saudara muslim palestina terimakasih
ketawa bgt pas panda nya inframe karna dinda ğŸ˜‚,ketawa banget panda inframe karna dinda
Ka itu kaka pindah rumah lagi,kaka pindah rumah
Kak cobain fufu enak begete,cobain fufu enak begete
"Knp sih orgÂ² doyan banget pedesğŸ˜­ğŸ˜­
Gw kena biji cabe aja nangisğŸ—¿ğŸ—¿",doyan banget pedes kena biji cabe nang
Kapan ya ada acara begini di desağŸ˜‚,acara desa
Baso Gorengku juga padet kak,baso goreng padet
ci lama bgt up nyağŸ¥º,banget
kak cobain kue ey ey,cobain
Berani ga rivyu jualan ny KA pinat pasti ga berani kwkwkw,berani rivyu jual pinat berani kwkwkw
Saling mendukung pekerjaan tinggal nunggu konten dikontenin,dukung kerja tingal nungu konten dikontenin
"Cireng nya nizar dh dicobain
Kalo blm kapan di cobain",cireng nizar dicobain cobain
Review donat juga ka dari harga rendah sampe tinggi soalnya yang komen juga suka banget,review donat harga rendah sampe komen suka banget
Bikin ngiler ğŸ¤¤ğŸ¤¤,bikin ngiler
Ditunggu yaaaa dinda sama kay di depan kamera wkwk,tungu dinda kamera wkwk
ga ada yg gua kenal anjay,kenal anjay
kakk Tasyii battle yoghurt dongg,tasyi batle yoghurt dong
Salfok sama bumbu mie nya pas di tuang kayak eek mencret ğŸ˜­ğŸ˜­ğŸ˜­ğŸ˜­,salfok bumbu tuang kayak mencret
"cuma ka tasyi yg aku percaya review jujur soalnya ketauan ayam renald aja bumbunya dikit pasti renal ga tau kalo yg beli ka tasyi, kalo tiktoker yg makan bener bener melimpah bumbunya. Kepala kakap menurutku kemahalan si. Ka tasyi next review resto remboelan dong",tasyi percaya review jujur ayam renald bumbu dikit renal beli tasyi tiktoker makan bener bener limpah bumbu kepala kakap turut mahal tasyi next review resto remboelan
Kak cobain warung ayah ojak dong,cobain warung ayah ojak
Baru buka nih chikuro di kota aku ğŸ˜,buka chikuro kota
yang kedua sama yang ketiga enak sih tapi yang pertama gak berani coba gua,tiga enak berani coba
"Kak, battle sosis keju muncrat yg halal, pleaseeee â¤â¤â¤",batle sosis keju muncrat halal please
bakso maudyyyyyy,bakso maudy
Coba dibikin resep chikuro nya donk kak,coba bikin resep chikuro donk
Kak Mia udah pernah cobain keripik mie gulung belum?,cobain keripik gulung
"Eighteen coffee di bandung sis, bukan jakarta ğŸ˜",eighten cofe bandung jakarta
Nsi chitato sebelum ada hack udh gue lakuin klo demam cuma mau mkn itu,chitato hack lakuin demam
Asik mbak..lanjutkan,asik mbak lanjut
waow,waow
Seru abisssâ¤,seru abis
Coba makaroni di celup pin teh anget,coba makaroni celup anget
Kak next cobain jualan nenek blonde,next cobain jual nenek blonde
RenaldifadillahğŸ˜‚,renaldifadilah
Gue sih mending makan es krim ditambah roti.,mending makan krim tambah roti
Suka banget kontennyaa kak tasyiii. Detail dan tetap seruuu,suka banget kontenya tasyi detail seru
"Kalo menurut aku
Roti o campur kopi Regal ratting nya 1000/10
Dan kalo mie goreng campur bumbu sate belum pernah jadi GK di ratting dulu
Tapi kalo wolens coklat campur ultra milk ratting nya 10/10

Edit:mksh 1 like nyağŸ‰
(Padahal like sendiri)",roti campur kopi regal rating goreng campur bumbu sate rating wolens coklat campur ultra milk rating edit mksh like like
Kok mirip intro ka nizar ya?,intro nizar
6:39 suka banget motto kak tasyi iniğŸ¤£ğŸ‘ğŸ¼,suka banget moto tasyi
Aku udah Bunda aku bingung karena aku habis 1.000 JT karena enak enak lhoğŸ˜…ğŸ˜…ğŸ˜…,bunda bingung habis enak enak
Ka cobain kopi goday warna merah dikasi air kisaran 100 ml sisanya pake susu ultra full cream,cobain kopi goday warna merah kasi kisar sisa pake susu ultra cream
pas cabenya nyangkut lucu banget kwowkowkwok,cabe nyangkut lucu banget kwowkowkwok
KAK TASYI BIKIN RESEP BROWNIES LUMER NYA DONG,tasyi bikin resep brownies lumer
Mba nanakoot aku mbo yo ditraktir makan...,nanakot traktir makan
3:41 aku udah pernah coba enak banget ğŸ‰,coba enak banget
Loh kok doyan makan ulet jahahahha ngakakğŸ˜­ğŸ˜­ğŸ¤£ğŸ¤£,doyan makan ulet jahahaha ngakak
kakkk konten rating terburuk shopee lagiii,konten rating buruk shope lagi
Sama dong jalan Masi diaspalğŸ˜€,jalan aspal
pengennn yg battle dong k tasyi,pengen batle tasyi
ka review barang online shop rating terburuk lagii â¤â¤,review barang online shop rating buruk lagi
"Dia abis 85k buat lunch, emng tim nya gak pernah dikasih apa? Perasaan kaya suka makan sendiri",banget lunch emng kasih suka makan
"Gw nyariin kyk ada yg beda muka nya. Jauh lebih cantik, gw kira oplas. Ternyata pake soflens coklat. Yg kyk CANTIK BGT di banding pake warna warna gonjreng.",nyarin beda muka cantik oplas pake soflens coklat cantik banget banding pake warna warna gonjreng
penonton setia kak tasyiâ¤ï¸,tonton setia tasyi
Tiktok mulu kak coba fyp youtube pleaseee........ Semoga dijawabâ¤,tiktok mulu coba youtube please moga
mau seenak apapun tuh kue kalo terlalu manis udah silahkan masuk tong sampah,enak manis silah masuk tong sampah
Pas ak liat walpeper itu tanggal20 september itu pas ultah aku kaget bgtğŸ‰ğŸ‰ğŸ˜‚ğŸ˜‚ğŸ˜‚ğŸ˜Š,liat walpeper tangal20 september ultah kaget
Nama gua lingga,nama linga
Wah moon ga youngğŸ˜­ğŸ˜­,young
kaa spill resep bolen pisang coklat keju,spil resep bolen pisang coklat keju
Next battle lauk2 pedas â˜ºï¸,next batle lauk2 pedas
not a fan of tasyi as a person but i'm always SIT for her food contents ğŸª‘ her review will always be my favorite bc she's spitting facts and keeping it real!! those food influencers and bitter owners who claimed she ruined the business... get up ğŸ˜­ not her fault your business went down!,tasyi person always contents review always favorite spiting facts keping real those influencers biter owners claimed ruined busines fault your busines went down
Kak cobain basreng punya Trishazia dongg,cobain basreng trishazia dong
Lah beli lewat ap kak kalo jalan di aspal ga bis lewat,beli jalan aspal
"Banyak subscriber baru nih, kalo aku jadi jesicca ga bakal jelasin lagi si wkwk cape",subscriber jesica jelasin wkwk cape
"next cobain makan jajanan jadul sm Erwin, biar dia tau rasa coklat payung wkwkkwğŸ˜­ğŸ˜­",next cobain makan jajan jadul erwin biar coklat payung wkwkw
ka cobainn dimsum jinji dong,cobain dimsum jinji
Cireng gonjreng melody ex JKT48,cireng gonjreng melody jkt48
Astaga,astaga
kontennya skrg seru editor nya juga keren jdi gumushâ¤ï¸,konten seru editor keren gumush
cireng kuromi mbalaa,cireng kuromi mbala
Turut berduka untuk Tasyi dan keluarga besar ğŸ™,duka tasyi keluarga
Aku pilih semuanya,pilih
bakso nya maudy sama basrengnya trifazia plisss,bakso maudy basrengnya trifazia plis
kak cobain pisang ijo yang lagi viral dong,cobain pisang viral
Kk gemoyyyğŸ˜…ğŸ˜…â¤,gemoy
Kak  coba dong 24jam makan makanan Korea plisssssss,coba 24jam makan makan korea plis
review pani puri kak,review puri
Mall Ambassador msh rame nggak skrg? Terakhir kesana thn 2019,ambasador rame skrg kesana 2019
Ci sekalian makan makanan huruf K,makan makan huruf
Ka mau request dong cobain cake/bolu dari berbagi merk toko kue contoh global bunga bakery Michelle dll smoga di notice ya heheğŸ˜…,request cobain cake bolu bagi merk toko contoh global bunga bakery michele smoga notice hehe
Awas tibo,awas tibo
"waah mak nyuuusss,,,,, 
Enak tenaaaan",nyus enak tenan
Gasuka sate padangğŸ˜µ,gasuka sate padang
cobain pisang ijo 500 ribu ka,cobain pisang ribu
Ada naruto diatas,naruto atas
Kangen kak velia era ini,kangen
Kok mirip nadia omara,nadia omara
REVIEW MAKANAN DI AYAM PENYET SURABAYA KAK,review makan ayam penyet surabaya
ka coba makan edisi merah putih,coba makan edisi merah putih
Kok diadukkkğŸ˜­,diaduk
donat pinkan mambo,donat mambo
"donat pinkan mambo kakk pebbyy,  itu viral bgt coba review..",donat mambo peby viral banget coba review
Keren ci review jujur walaupun masakan mertua jga ğŸ‘ğŸ»ğŸ™ğŸ»,keren review jujur masakan mertua
Urnak,urnak
"Ayam goyeng its friday, enakkkkkk!! Dahhh skrg klo binun masak apa, jalan ninja bgt ini ayam. Pake sambel apa aja endol",ayam goyeng friday enak masak jalan ninja banget ayam pake sambel endol
Rapli ini yg pernah di indira ga sih?,rapli indira
selanjutnya balut ğŸ—¿ğŸ—¿ğŸ—¿,balut
ajakin ka erwin jajan snack jadul ka jane,ajakin erwin jajan snack jadul jane
"Aku malah suka ada dinda, jadi tambah berwarnağŸ˜‚",suka dinda warna
Makan lemper n pangsit juga tangan kiri..makan ramen..baru tangan kanan...ğŸ˜,makan lemper pangsit tangan kiri makan ramen tangan kanan
12343,12343
"Hack terakhir itu udah ada dr tahun 90an..ğŸ˜…ğŸ˜… bukan hal baru..Chitato + nasi, taro + nasi, chiki + nasi.. Emang deh tahun 90an itu banyak hal keren..Kecuali pemerintahannya yaa ğŸ˜…ğŸ˜…ğŸ˜…",hack 90an chitato nasi taro nasi chiki nasi emang 90an keren kecuali perintah
Kayanya enak. Ya,kaya enak
kemarin saya kesitu sep banget cii tinggal brpa toko aja yg buka,kemarin kesitu banget tingal brpa toko buka
"Cobain donat tempura kak, lagi virall juga tuh di tiktok",cobain donat tempura viral tiktok
Iconic banget si suara pulingÂ² nya  ğŸ¶,iconic banget suara puling
Petit bite donk ka,petit bite donk
Nyam nyaamâ¤â¤,nyam nyam
Ayoo kak upload YouTube lagi kangenn,upload youtube kangen
Kak kok dimakan sourdough nya? Bukannya itu ham ya? Ham kan babi kak,makan sourdough babi
Kaka cantik bangett,kaka cantik banget
kakk pebbi cobain makaroni geroz,pebi cobain makaroni geroz
Kak tasyi review cake yg di Indomaret ğŸ˜Š,tasyi review cake indomaret
makin mirip jennie blackpink ğŸ˜­ğŸ˜­,jenie blackpink
alah pembantu rumahkuh juga makanya semeja sama majikan biasa saja,alah bantu rumahkuh meja majikan
Aku piilih bakso mercon karna aku  suka keju,pilih bakso mercon karna suka keju
"Kakkk, toss sama aku juga ga bisa minum, makan yang berbau matchağŸ˜…",minum makan matcha
"Plissssss battle sambel cumi kemasan donggg
Yg setuju like komenn",plis batle sambel cumi kemas dong tuju like komen
"gue suka model review kaya kak tasyi ini, bukan yang sesama tiktokers dibilangnya enak enakk dll tanpa ada masukan apapun",suka model review tasyi tiktokers bilang enak enak masuk
Ci bikin konten kuliner Nusantara,bikin konten kuliner nusantara
Kagettt...Tiba tiba bgt putri malu,kaget banget putri malu
Mirip ka deta,deta
"Kak , kakak kok makan pakai tangan kiriğŸ˜Š",kakak makan pakai tangan kiri
Kok minyak banyak sekali,minyak
Akhirnya ad juga yang rating 10/10,rating
"ka tasyi cobain yutuk dongg, garing nya enak, ga tajem kaya baby lobster",tasyi cobain yutuk dong garing enak tajem baby lobster
Gue beneran shock bgt liat isi roti cimehong ğŸ˜­ Padahal kita beli njir gk minta,beneran shock banget liat roti cimehong beli njir
Ada makanan nya kak ghina,makan ghina
Cikuro emang dabesssss bgt!! Tau dari sebelum viralnya udah sering beli di Botani dan suka bgttt,cikuro emang dabes viralnya beli botani suka
"Jadi ngelir padahal gw udah makan 
Oh ya cowok kok neltart ğŸ˜…",ngelir makan cowok neltart
Untuk bolu ketam item nya masih reasonable banget sih. Melihat melt cheese nya sebanyak itu,bolu ketam item reasonable banget melt chese
"Salfok sama makanan nya â
Salfok sama kukunyaâœ…",salfok makan salfok kuku
kue Nagasaki enakkkk,nagasaki enak
Kak tasyi battle coklat dubai,tasyi batle coklat dubai
Kak review coklat dubai under 100rb,review coklat dubai under 10rb
wow mertuanya cs alm popo angke,mertua popo angke
Kk tasyi coba review ikan kakap barbie lubis ttbn medan,tasyi coba review ikan kakap barbie lubis medan
Kak tasyi battle IKAN SARDEN dongsâ¤ğŸ˜‚ğŸ‰,tasyi batle ikan sarden dongs
kak cobain makanan UMKM ajaa lbh wor it dan membantu mrekağŸ˜Š,cobain makan umkm bantu mreka
Kue manco wijen kaa next vidioğŸ’‹ğŸ¤,manco wijen next vidio
Jen dimsum jinji emg identik gitu adonanya emg seperti itu,dimsum jinji identik adonanya
BATTLE LAPIS LEGIT KA,batle lapis legit
"Friends, add friends around us, don't be easily fooled, I've been a victim, you're sweet in front of me, you're sweet behind my back, you act like a sadist, my friend, but my girlfriend is being slowed down, sorry, sorry, sis",friends friends around easily foled victim swet front swet behind back like sadist friend girlfriend being slowed down sory sory
Valid review,valid review
"Yg namanya seharian itu ada malamnya, lu malam gak makan?",nama hari malam malam makan
Kak KK tinggalnya di canndr ya,tingal candr
CIMOD maudy kak. Baso keju / pentol keju gtuu,cimod maudy baso keju pentol keju
Jangan lupa riview catering nya Pinkan Mambo sama ci mehong!!,lupa riview catering mambo mehong
Brownies hampir $100 dollar? Brownies trbuat dgn coklat emas apa????ğŸ˜…ğŸ˜…ğŸ˜…,brownies dolar brownies trbuat coklat emas
ribet bgt orang2 prasaan b aja ini reviewnya asik2 aja juga semaunya,ribet banget orang2 prasan reviewnya asik2
Pop corn itu enak banget sumpah tadi baru aku cobainğŸ˜‹ğŸ˜‹ğŸ˜‹,corn enak banget sumpah cobain
Kak coba makan makanan selai kastanye dongğŸ˜ŠğŸ‰,coba makan makan selai kastanye
haloww aku penonton setia dari aku umur 9tahun sampe umur 14tahun sukaa banget nonton kakaaa apalagi sambil makanâ¤â¤,halow tonton setia umur 9tahun sampe umur 14tahun suka banget nonton kaka makan
Kak cobain bulduck pakai keju,cobain bulduck pakai keju
LINGGA NAMA KAKAK AKU,linga nama kakak
Maaf kak.. makannya kok pakai tangan kiri yaa,makan pakai tangan kiri
Cromboloni kak,cromboloni
"Kue PEPE tanpa K
Tiba2 muncul fotoku ğŸ˜­ğŸ¤£ğŸ¤£ğŸ¤£",pepe tiba2 muncul foto
