komentar,final_cleaned,label
knp aga gelap ka,gelap,neutral
"kaa masukan nih yaa
audionya benahin ka, entah mick nya atau suara kakanya, tp di awal itu kedengeran lama kelamaan suaranya ngecil trus di akhir kedengeran lagiğŸ’—",masuk audio benahin mick suara kakanya kedengeran suara ngecil kedengeran,positive
Kak plis membeli mainan â¤ğŸ‰,tolong beli main,neutral
Ci bikin konten make up lagi ci,bikin konten make,neutral
KK konten sama jio dong,konten,neutral
Aku juga punya coklat valrhona jivara.. pantes kaya ga asing sama packing nya...,coklat valrhona jivara pantes asing packing,neutral
sumpah salfok bgt makin hari make up kaa pebby makinnn cantikkk ğŸ¥ºâ¤ï¸,sumpah salfok banget make peby makin cantik,positive
overprice semua,overprice,negative
Ngiler bngt klo liat abang ini makan... Sungguh ngiler seger bet,ngiler banget liat abang makan sunguh ngiler seger banget,positive
Orang2 napa bs makan pedes2 sih ğŸ˜­,orang2 napa makan pedes2,neutral
GK tau kenapa kalo liat bang ravie makan selalu ngilerr,liat bang ravie makan ngiler,positive
Ku kira tadi baksonya telur rebusğŸ˜…,bakso telur rebus,neutral
Lu jualan apa kak,jual,neutral
HaloğŸ˜Š,halo,neutral
Kumis nya jorok,kumis jorok,negative
"BANYAK JEDAG JEDUG SKALI DI VIDIO INI YA BUNğŸ˜…ğŸ™, TAPI GPP SIH, KARNA DRAMA NYA SERU BGTğŸ˜Š, BTW, SMANGT YAH KA, BUAT KONTENÂ² NYAğŸ˜…ğŸ˜Š",jedag jedug skali vidio karna drama seru smangt konten,positive
"ngiler cuyğŸ¤¤ğŸ¤¤,enaakkkkkğŸ˜…",ngiler enak,positive
"Justru seblaknya orang bandung asli tuh kencurnya kerasa banget, yg aku temuin di luar kota bandung gak kerasa kencur + pake kecap ğŸ˜¢",seblaknya orang bandung asli kencur rasa banget temuin kota bandung rasa kencur pake kecap,neutral
Gw suka bgt nonton channel kak tasyi sambil makanğŸ˜‚ review yg paling gw percaya sih channel ini soalnya ngrasa selera soal rasa mknn kek sama gtâ¤,suka banget nonton chanel tasyi makan review percaya chanel ngrasa selera,positive
"Gara gara ci mehong haters dia makin menyala, padahal cuma nonton sepenggal video",gara gara mehong haters nyala nonton pengal video,neutral
Esteller harga 5ribu juga ada kak tasyi juga ada avokat sama kelapa mudanya terus kuahnya juga kentel,esteler harga 5ribu tasyi avokat kelapa muda kuah kentel,neutral
Selalu suka konten ka tasyiâ¤,suka konten tasyi,positive
"I hope you always happy kak.. Heran org org klo ngatain kak tasyi.. Kak tasyi sopan bgt selalu Disclaimer menurut aku, buat aku dll.. Semangatt trs kakâ¤",hope always hapy heran ngatain tasyi tasyi sopan banget disclaimer semangat,positive
"7:50 byk bct. murah mahal patokannya bukan cuma harga brand pesaing lainnya, tapi juga kualitas produk itu sendiri. es teler kalina ini kalau diliat kualitasnya emang murah, bukan soal dia artis atau bukan ya",murah mahal patok harga brand saing kualitas produk teler kalina liat kualitas emang murah artis,negative
Kakkk tasyi semangatttt â¤â¤ selalu tungguin konten kakakkkâ¤ gausa dengerin hate komen manusia manusia busuk hatinya wkwkw,tasyi semangat tunguin konten kakak gausa dengerin hate komen manusia manusia busuk hati wkwkw,positive
"Kak, cobain kopi (kopi susu kekinian) aku dong, aku buka usaha ala kopi shop, kopinya pakai merk otten kak star form 5k.",cobain kopi kopi susu kini buka usaha kopi shop kopi pakai merk oten star form,neutral
"Aku nontonin tasyi dari jaman blm punya anak sampe anak gue udh 2. Dari dia blm pake hijab yg dapur nya panci"" Warna pastel... Dia tuh ga asal ngomong enak/gaenak tp dia bener"" Tau rasa bener"" Bisa bikin makanan juga... Jadi temen makan bertaun"" Gue youtube nya tasyi.... Sukses terus kak â¤",nontonin tasyi jaman anak sampe anak pake hijab dapur panci warna pastel ngomong enak gaenak bener bener bikin makan temen makan taun youtube tasyi sukses,positive
Mknya gue suka konten nya ğŸ˜‚,mknya suka konten,positive
"Kalau mau beli suatu makanan pasti liat kak tasyi dulu, seleranya/lidahnya 11 12 sama gueee. Loveâ¤",beli makan liat tasyi selera lidah love,positive
Kak Collab sama teh Santy dong,colab santy,neutral
"kaa udah pernah battle seblak yang instan gaa, kan sekarang pada banyakk, mau dongg",batle seblak instan banyak dong,neutral
Kalau makanan cuma tasyi ama ken and grat sih,makan tasyi grat,neutral
Battle rendangg kak,batle rendang,neutral
"Tim yg kalo LG makan mau makan nonton VT ka taysi , kalo LG gabut juga nontonnya KA tasyi . Sampe ngerasa udh besti bgt padahal cuma nonton di yt doang wkwkwkğŸ˜‚",makan makan nonton taysi gabut nontonya tasyi sampe ngerasa besti banget nonton wkwkwk,positive
Gegara tasyi setiap ke minimarket cari air mineral pasti nyarinya crystaline ga mau cari yg lain,gegara tasyi minimarket cari mineral nyarinya crystaline cari,positive
"Pertama suka channel ini pas battle Boba , dan selama itu emng bner si yg menurut ka tasyi enak ya memang bnar ..",suka chanel batle boba emng bner tasyi enak bnar,positive
"Aku sama banget kurang suka seblak mau se hype se viral atau orang"" bilang seenak itu aku tetap no.",banget suka seblak hype viral orang bilang enak,neutral
"Sebagai kaum mendang mending (suka cari yg worth it) dan pecinta makanan enak, setuju dan cocok bgt sm reviewnya kak tasyi ğŸ˜‚ teruskan kak ğŸ¥°",kaum dang mending suka cari worth cinta makan enak tuju cocok banget reviewnya tasyi terus,positive
"semangat ngontennya kak tasyii, suka bgt cara ngereviewnya! kak tasyi itu food vlogger ter detail, ter niat, gk cuma bilang makanan ini sekedar ""enak"" atau ""worth it"" tanpa memperhatikan harga dan rata-rata food vlogger diluaran sana lebih pro ke penjual bukan ke konsumen awam. sukses terus ya kakk aku udh support kakak dari pertama bikin yt zaman softlens relaxa dan apron pinknyağŸ˜ğŸ¤",semangat ngontenya tasyi suka banget ngereviewnya tasyi vloger detail niat bilang makan enak worth perhati harga vloger luar jual konsumen awam sukses suport kakak bikin zaman softlens relaxa apron pinknya,positive
"Aku sukaa bangett sama Konten review nya kak tasyi, apalagi kalau ngereview pasti jujur banget, walaupun banyak netizen yang hujat kak tasyi tapi aku gak peduli yg penting kak tasyi jujur dan ngomong apa adanyaâ¤â¤",suka banget konten review tasyi ngereview jujur banget netizen hujat tasyi peduli tasyi jujur ngomong,positive
Dia klo riview aku suka,riview suka,positive
"Review makanan terdetail, terjujur that I ever seenâ¤",review makan detail jujur that ever,positive
Video yang sampai sekarang aku puter terus tau nggak apa kak? Battle2 susu terutama battle susu strawberry nggak tau kenapa nggak pernah bosen lihatnyağŸ˜­ Nggak peduli orang bilang apa aku tetep suka banget sama konten2 kak tasyi. Terus berkarya ya kak tasyi dan tim ğŸ«¶ğŸ»,video puter batle2 susu batle susu strawbery bosen lihat peduli orang bilang tetep suka banget konten2 tasyi karya tasyi,positive
"kakkk cobain donat2 an apalagi lagi ada donat mochi tuh, punya doughzen, cloudcakes, sama donat2 lain kayak hoomiedough, nama's, fore donut, dll",cobain donat2 donat mochi doughzen cloudcakes donat2 kayak homiedough nama fore donut,neutral
Battle seblak ka tasyiii,batle seblak tasyi,neutral
MasyaAllah kk Tasyiâ¤,masyalah tasyi,positive
"aku senang sama review kak tasyi karena ada pricepoint, jd kita bisa mikir mikir dulu sebelum beli, gak asal viral trs fomo ikutan beliii, jd bener bener membantu bgt channel kak tasyi! â™¡",senang review tasyi pricepoint mikir mikir beli viral fomo ikut beli bener bener bantu banget chanel tasyi,positive
8:15 love yoouuuuu kak tasyiiii â¤â¤â¤â¤â¤â¤,love tasyi,positive
5:11 aku pencinta pedess auto co sihh ğŸ˜«ğŸ˜«,cinta pedes auto,neutral
"Kaaa kamu makin kesini makin cantik banget makeupnya juga makin bagusss seneng lihatnyaaa, kayanya km mendengarkan saran netijen ya kaaaa ğŸ˜ğŸ¥°ğŸ¥°ğŸ¥°",kesini cantik banget makeupnya bagus neng lihatnya kaya dengar saran netijen,positive
Mantap reviewnya â¤,mantap reviewnya,positive
"aku pernah beli teler duren deket rumah yang emang enak,, aku makan ditempat, memang ada daging durennya. terus aku bungkus buat orang rumah, dikasih daging duren bener loh,,tapi baru dibuka beberapa jam setelahnya, ilang dagingnya udah nyampur sama kuahnya",beli teler duren deket rumah emang enak makan tempat daging duren bungkus orang rumah kasih daging duren bener buka telah ilang daging nyampur kuah,neutral
ternyata mata birunya itu asli kak bukan softlens??????,mata biru asli softlens,neutral
Papa jaga nyamuk guysğŸ˜‚ğŸ˜‚ğŸ˜‚ğŸ˜‚ğŸ˜‚,papa jaga nyamuk guys,neutral
Wih ada barbieâ¤â¤â¤,barbie,positive
Seru juga ngevlog bertiga berasa kekeluargaan harmonisğŸ˜Šâ¤,seru ngevlog tiga keluarga harmonis,positive
ekspresi papah nya jesiica  gak bisa boong dan gak berubah mau enak atau engga datar banget...ğŸ˜‚ lucu sih,ekspresi papah jesica bong ubah enak datar banget lucu,positive
"11 kucing, penasarannn jadinya",kucing penasaran,neutral
Ko Erwin botol minum kita samağŸ˜‚,erwin botol minum,neutral
Sehat sehat papanya,sehat sehat papa,positive
"Suka liat papanya
Setiap ada papanya aku langsung suka",suka liat papa papa langsung suka,positive
Si erwin kekenyangan ğŸ˜­ğŸ˜­ğŸ—¿ğŸ—¿,erwin kenyang,neutral
"kak kenapa jarang up video, pantes kok jarang muncul beranda. apa cuma perasaan aja. ternyata emang iya jarang up

btw kaget bangetttt dandannya comell, kek ala barbie. mau ngapain pas lihat thumbnail, tp judulnya riview ehehehe",jarang video pantes jarang muncul beranda emang jarang ngomong ngomong kaget banget dandan comel barbie ngapain lihat thumbnail judul riview ehehehe,positive
Ci jen sehat2 yaaa.. kok auranya rada beda .. lebih cantik.. apakah sdng hamil ... Pokoknya sehat2 selalu,sehat2 aura rada beda cantik sdng hamil pokok sehat2,positive
"ngikutin ci jane dari 2019 dan skrg ngeliat mulai banyak komen negatif hmm, semakin tinggi popularitas seseorang maka akan semakin dituntut untuk jadi sempurna, tetap semangat bikin videonya ya cicii, aku menantikan setiap videoÂ² kebersamaan kalianâ¤â¤",ngikutin jane 2019 ngeliat komen negatif popularitas tuntut sempurna semangat bikin video cici video sama,positive
Cobain makanan dengan papanya Ci Jen seru bangeeeeetttttttt....ğŸ˜ğŸ˜Š,cobain makan papa seru banget,positive
review makanannya putri padang cobaa kaa jennn ğŸ˜˜ğŸ˜˜ğŸ¤—ğŸ¤—ğŸ¤—ğŸ¤—ğŸ¤—,review makan putri padang coba,neutral
"Sering "" ci ngontennya dong ,sama Jess no limit juga ngonten bareng",ngontenya limit ngonten bareng,neutral
"Hehhh manusia2 tukang atur hidup org, hidup kalian aja gak teratur bisa2 nya perintah2 org sruh ini itu, sampe ada yang bilang jane pick me lah karna gak ikutin omongan kalian, kalo gak suka yah gak usah di tonton, ribet banget sama hidup org!!!!",manusia2 tukang atur hidup hidup atur bisa2 perintah2 sruh sampe bilang jane pick karna ikutin omong suka tonton ribet banget hidup,positive
Jess coba ngonten snack pedes diindo/alfa sepedes apa sih,coba ngonten snack pedes dindo alfa sepedes,neutral
lucu banget papanyaa,lucu banget papanya,positive
Sehat selaluğŸ‘ğŸ‘ğŸ‘,sehat,positive
Aaaaaa jadi inget dulu pas aku kecil sempet sakit gatel sebadan badan terus sama bapak diajak kelaut dan dimandiin pake air lautğŸ˜­ğŸ˜­ğŸ˜­ ternyata ada fungsinya yağŸ˜­ğŸ˜­,inget sempet sakit gatel badan ajak laut dimandin pake laut fungsi,neutral
"aku ngerasanya ga ada yang salah kok, biasa ajaa ci jen juga selalu ngasih papah nya buat bicara dan dengerin sampe selesai, sampe ku ulangÂ² bagian mana yg banyak motong nya, huhu semangaaat yaaa ci janeâ¤",ngerasanya salah ngasih papah bicara dengerin sampe selesai sampe ulang motong huhu semangat jane,positive
"Aku kasih masukannya beda.. tolong jane pas shoot makanannya agak lama, lebih detail jg.. thanksâ¤
Buat papa jane tinggiin dong suaranya eheeğŸ‰",kasih masuk beda tolong jane shot makan detail thanks papa jane tingin suara,positive
Kak Jane sekarang papa nya udah pemakan segala ya,jane papa makan,neutral
Cowoknya soft spoken ğŸ¥¹âœ¨,cowok soft spoken,positive
"Saran aja ya Jane,klu review makanan di rmh, usahakan prepare dulu cr tau ttg apa yg mau di review,suruh tim buat papan penjelasan di depan km,Jd kamu nggak byk nanya org di sekitar mu spy km Lbh profesional,trs perbanyak kosakata bahasa yg buat org Tdk bosan Krn selama ini kesannya di ulang2 trs cara mendeskripsikan nya,Jd viewers mu udah tau km klu ngereview pasti ngomong nya itu2 aja makanya byk yg bilang bosan dan ngasih saran dan kritik dan pasti klu buat konten terlalu bergantung Sm penjelasan papanya Krn dianggap Lbh tau pdhl di sini km yg hrs menonjol,spy viewers fokus ke km ,selama ini netizen minta papamu ikut Krn dia byk tau Krn udah pengalaman sdgkn km hanya ingin di bantu trs,jadi ketika km bicara org Lbh senang dgn penjelasan di papah km, makanya byk hate km Krn yg punya YouTube nggak Bs menjelaskan,jgn terlalu ikuti request netizen utk selalu review Sm papamu itu nti Jd kelemahan mu Krn klu Tdk lg ngumpul papamu yg selalu di cari, mending fokus utk mengembangkan skill km sendiri dgn belajar atau cr inovasi dr cara ngomong ,penampilan ,tempat shooting lbh kreatif Lg,jgn terlalu memaksa kan org lain ikut shooting klu orglain kecapean, kekenyangan,atau mood nya krg bagus,Krn keliatan banget ekpresinya Sm semangat dia utk ngonten, usahakan ada breafing sebelum shooting,contoh konsep buat konten yg prepare itu Andersen sister, moodnya mereka bagus dan excited pas shooting Sm komunikatif jg.",saran jane review makan usaha prepare review suruh papan jelas nanya profesional banyak kosakata bahasa bosan kesan ulang2 deskripsi viewers ngereview ngomong itu2 bilang bosan ngasih saran kritik konten gantung jelas papa angap pdhl tonjol viewers fokus netizen papa alam sdgkn bantu bicara senang jelas papah hate youtube ikut request netizen review papa lemah ngumpul papa cari mending fokus kembang skil ajar inovasi ngomong tampil shoting kreatif paksa shoting orglain cape kenyang bagus liat banget ekpresinya semangat ngonten usaha breafing shoting contoh konsep konten prepare andersen sister modnya bagus excited shoting komunikatif,negative
"Ngeliat hair style jane ini, kaya ""jini oh jini"" film dulu masa kecil!!! ğŸ˜‚ğŸ˜‚ğŸ˜‚",ngeliat hair style jane film,neutral
"Di video kali ini, kamu cantik bangat",video kali cantik bangat,positive
Kurang lama durasinyaaa,durasinya,neutral
Tumben papanya mau makan gorengÂ²an dan pertepungan mana sukaa lagiğŸ˜‚,tumben papa makan goreng tepung suka,neutral
"Dimsum crot ka itsfrday emang seenak itu buat kaum mendang mending kaya aku, harga segitu worth it bgt sih ga ngecewain",dimsum crot itsfrday emang enak kaum dang mending harga segitu worth banget ngecewain,neutral
Cookies minbite,cokies minbite,neutral
Salam kenal dari Tabanan Bali semoga sehat selalu kak,salam kenal taban moga sehat,neutral
Jando itu lemak tapi bagian dari PD nya sapi betina kakğŸ˜‚,jando lemak sapi betina,neutral
Ada yg tau ga hijab yg dipake tasyi apa?,hijab dipake tasyi,neutral
Cheesecake mochi,chesecake mochi,neutral
Kak tasyii coba makan baso nya kaa maudy,tasyi coba makan baso maudy,neutral
Kaaa tasyi please cobain jajanan blok M yg lagi viralğŸ˜­ğŸ˜­ğŸ˜­ğŸ˜­,tasyi tolong cobain jajan blok viral,neutral
Beli dimana ya guys smua itu? Tertarik bgt sm basreng dan cireng kejunya,beli mana guys smua tarik banget basreng cireng keju,neutral
Cakep poll look nya kak tasyiâ¤,cakep tasyi,positive
kak cobain pentol dapur estetok punya bu trisha zia,cobain pentol dapur estetok trisha,neutral
Ka tasyi make pasminah gitu bagus banget,tasyi make pasminah bagus banget,positive
Ka rikues ceker mercon,rikues ceker mercon,neutral
Battle basreng dong kak,batle basreng,neutral
"bakso mercon punya kak maudy, enak banget kak itu, wajib cobainn",bakso mercon maudy enak banget wajib cobain,neutral
kak katanya cireng ndut itu nyuri resep gtu.. dari cireng nya chef mamut coba review itu kak,cireng ndut nyuri resep cireng chef mamut coba review,neutral
Kaka ga ad suaranyaa,kaka suaranya,neutral
Sukaa bnget cara reaviw xâ¤,suka bnget reaviw,positive
ko di aku ga ada suaranya yahğŸ˜¢,suara,neutral
ayam isfriday,ayam isfriday,neutral
KAK tasyi kok cantik banget deh insecure,tasyi cantik banget insecure,positive
izin clips kk,izin clips,neutral
"ci coba review ayam nya ikyrizky itu dong, harganya 20k aja",coba review ayam ikyrizky harga,neutral
"Gak heran sih klo cie mehong jualan nya mahal, karna dia buat gaji karyawan ğŸ˜‚ğŸ˜‚ğŸ˜‚",heran mehong jual mahal karna gaji karyawan,neutral
Ka bground nya bikin sskit mata tp vidio nya bgus saran gnti yg adem ka,bground bikin skit mata vidio bgus saran gnti adem,negative
Ogah banget beli yang mahal-mahal. Biarin aja influencer yang beli,ogah banget beli mahal mahal biarin influencer beli,negative
"Selalu salfok sama backgroundnya.. Dan kak febby yg cantik bgt...
Auranyaaa bersinar... 
Salam kenal kak febby dari Purbalingga...",salfok backgroundnya feby cantik auranya sinar salam kenal feby purbalinga,positive
editornya siapa si kocak bgt editannya bgussa,editor kocak banget edit bgusa,positive
Gk prnh bosan nontonnya,prnh bosan nontonya,positive
Nutella nya kayak kuku kamu kakğŸ˜,nutela kayak kuku,neutral
Padet ya gais bukan keras.. tolong bedakan,padet gais keras tolong beda,neutral
Kaka coba kalo makan pake plastic gloves biar tangan Kaka ga kotor kena minyak,kaka coba makan pake plastic gloves biar tangan kaka kotor kena minyak,positive
Aku malah pengen nyobain yang kue pepe itu kak.warnanya ijo cantik,nyobain pepe warna cantik,neutral
"akuuuu, yg gatau Pinkan Mambo tiba tiba jualan donat viral wkwk",gatau mambo jual donat viral wkwk,neutral
Donat2 ..,donat2,neutral
Cobain mie lidi gehel kak,cobain lidi gehel,neutral
Kakanya klu review baik bgt dan sopan suka nontonnya,kakanya review banget sopan suka nontonya,positive
salfok ka febby cantik bgt kaaaa,salfok feby cantik banget,positive
Salfok sama kak pebbi cantik bngetğŸ˜,salfok pebi cantik bnget,positive
Aku pikir kue pulut nya jamuranğŸ˜‚ pin plss,pikir pulut jamur,neutral
"PLEASEEEE JANGAN NORMALISASIIN ""MAKANAN ARTIS / INFLUENCER"" yg dijual MAHAL pleaseeeeee i beg u guys. ini ga normal! tau ko mereka jg cari nafkah, berjualan layaknya non artis, cuma harga segitu ga wajar & yg ada kl dinormalissiin nnt semua makanan jd ikut mahal huhuuuu. better larisin umkm :(( banyak yg enak dg harga yg normal ko

tau koo ini emang hak kak feby / influencer lain yg memang banyak uang untk review ina itu, tp please.... sadar gasih skrg banyak yg jualan kue / makanan lain dg harga selangit, tp kdg rasanya ga sesuai harga? huhuuu sedih",please normalisasin makan artis influencer jual mahal please guys normal cari nafkah jual layak artis harga segitu wajar dinormalisin makan mahal huhu beter larisin umkm enak harga normal emang feby influencer uang untk review please sadar gasih jual makan harga langit sesuai harga huhu sedih,neutral
Ngikutiin kak pebbi dari jaman pengantin baru sampai sekarang anak ku udah tk ğŸ˜‚,ngikutin pebi jaman pengantin anak,neutral
"Jessica kayaknya kalau review takut menyinggung dan menyakiti hati ownernya ya, setiap dia rasa ada yg kurang, dia malah menyalahkan dirinya kayak â€œaku gorengnya gak double friedâ€ â€œini cukup manis sih, aku berharap agak asem eh tapi orang orang kan emang suka yg manis yaâ€ something like that",jesica kayak review takut singung sakit hati ownernya salah kayak goreng double fried manis harap asem orang orang emang suka manis something like that,neutral
"sebenernya kalo nonton ci jane review makanan, berasa kaya makan bareng sm temen, sama-sama awam dan honest review gituuu wkwkw seru tauuu",sebenernya nonton jane review makan makan bareng temen awam honest review gitu wkwkw seru,positive
"kalau ga suka mah jujur aja, ya meski itu makanan influence, selera org kan beda2 ya, dan ini kan bahas selera kak jane",suka jujur makan influence selera beda2 bahas selera jane,neutral
suka banget liat view dapur rumah jane berasa cerah jd fresh gituu,suka banget liat view dapur rumah jane cerah fresh gitu,positive
GUA SENENG BANET SAMA NI KOPEL ğŸ‰ğŸ‰â¤,neng banet kopel,positive
kak jessica,jesica,neutral
"11:53 ""biasa ny cuanki sekeras batu kan?"" 
sejak kapan cuanki sekras batu, lu beli cuanki dimna sekeras batu?",cuanki keras batu cuanki sekras batu beli cuanki dimna keras batu,negative
markibok kayaknya mari kita lebok deh (lebok artinya kayak makan gtuu,markibok kayak mari lebok lebok kayak makan,neutral
lucu bgtt masi malu2ğŸ¤£ skrng uda pro,lucu malu2,positive
"menurut gue ci jane terlalu jauh tag video nya jadi nonton nya ga seenjoy dulu ngeliat walaupun ada sepotong video yg di dktin ke muka nya, pendapat ku ya guys",jane video nonton senjoy ngeliat potong video dktin muka dapat guys,neutral
"Apa cmn aku aja ya yg dgr ci jane byk ulang2 kata "" tapi""",jane ulang2,neutral
"Ci jane pleaseee review kaya dulu jangan ragu buat ngomong apa yang kamu suka, karena penonton lama pasti tau maksd kamu dan selera kamu semangat ciâ¤",jane please review ragu ngomong suka tonton maksd selera semangat,positive
"lucu bgt tiap lakinya asbun, kak jessica kayak ""ğŸ˜©ğŸ˜©ğŸ˜©ğŸ˜©"" ğŸ˜­ğŸ˜­ğŸ˜­",lucu banget laki asbun jesica kayak,positive
Jauhh bgt kameranyaa cii,jauh banget kameranya,neutral
"masih mending review yg dlu soalnya makanan nya lebih keliatan jelas soalnya dekat, kalo sekarang kejauhan",mending review makan liat jauh,negative
Erwin lu laper atau doyan,erwin laper doyan,neutral
ko erwin kek cwoku bgt klo mkan cmn tau enak sma ga enak doangğŸ˜­,erwin cwoku banget mkan enak enak doang,neutral
21:58 kesenjangan sosialğŸ˜­,senjang sosial,neutral
Seru bgt kl ad ko Erwin kakakakakkakaka,seru banget erwin kakakakakakaka,positive
"Seperti biasa,gak suka,tapi ludes..ğŸ˜…",suka ludes,negative
ngakak bgt tekstur nya cepet ilang di mulutğŸ˜­,ngakak banget tekstur cepat ilang mulut,neutral
"kak mau kasih saran, kameranya agak dideketinğŸ˜½",kasih saran kamera dideketin,positive
Ditunggu kak Erwin x jesnolimit,tungu erwin jesnolimit,neutral
Jesss kurangin apa pikmi nyaa,rangin pikmi,negative
"kusaranin kalo goreng cireng tu kak jangan terlalu sampai coklat garing gitu warnanya,yg awal keliatan keras karena terlalu garing kenya,apalagi kulit cirengnya fahri tu lumayan tebel,jadi gorengnya sedang sedang aja",kusaranin goreng cireng coklat garing warna liat keras garing kenya kulit cirengnya fahri lumayan tebel goreng,neutral
markibok itu mari kita lebok haha ğŸ˜‚  lebok bahasa sunda artinya makan ( tapi agak kasar),markibok mari lebok haha lebok bahasa sunda makan kasar,neutral
"Pangling bgt liat ci Jane rambutnya gini. Tambah cantik n entah knp jd agak mirip song hye Kyo ga sih? ğŸ˜…

Eniweiiii.. suka bgt sm reviews nya ci Jane. Jgn ragu atuh kalo emang kurang rasanya, soalnya kita sbg viewers butuh honest review, ci.. 
Semangat bikin konten terus yah ci â¤",pangling banget liat jane rambut cantik song eniwei suka banget reviews jane ragu atuh emang viewers butuh honest review semangat bikin konten,positive
Erwin keliatannya masih grogi ya wkwk,erwin liat grogi wkwk,neutral
Pacarnya ka jess lawak bgtttğŸ˜‚,pacar lawak,positive
Kenapa ga masak saat mau makan? Itukan sudah lama jadi ya keras,masak makan keras,neutral
"saran ci, videonya agak di zoom lagi soalnya kejauhan",saran video jauh,positive
Mungkin gorengnya terlalu lama atau apinya kebesaran janee...,goreng besar jane,neutral
"kameranya jauh benerr ci, makanannya ga keliatan jelasğŸ˜­",kamera bener makan liat,neutral
cii janee pake wig? cakep bgtttğŸ˜ğŸ˜,jane pake cakep,positive
Lama bet dah gua ga liat channel kak indira . Salam dari malaysia kak ğŸ‰,banget liat chanel indira salam malaysia,neutral
"1,2,3 nya di ganti bismillah coba ka",ganti bismilah coba,positive
"Siomay kan Termasuk Dimsum gak si?  Dimsum itu Adalah Makanan Kecil seperti bakpao,lumpia dan hakau jadi bukan mana yang dominan atau nggak, jadi siomay itu yaaa emang Dimsum/makanan hidangan kecil tradisional tiongkok",siomay dimsum dimsum makan bakpao lumpia hakau dominan ngak siomay emang dimsum makan hidang tradisional tiongkok,neutral
"Dari kemaren maju mundur mau beli dimsum jinji apa iya seenak di review orang"" 

Di reviews indira detail nih , ok skip dulu deh",kemaren maju mundur beli dimsum jinji enak review orang reviews indira detail skip,neutral
Kan itu saladnya tertulis kalau wip creamnya less wip cream ka makanya rasanya light,saladnya tulis creamnya cream light,neutral
"KAKAK SOMAY ITU JENIS DIMSUM, SOMAY ITU YA DIMSUM",kakak somay jenis dimsum somay dimsum,neutral
Kata gua mah ya ka lu kalo mau Ngeriview harus netralin dlu mulut lu pake aer putih setiap mau nyicip yng laen,ngeriview netralin mulut pake putih nyicip laen,negative
Pdhl dimsum bukan nama makanan wkwkwk dan somay adalah salah satu jenis dimsum. Nah yang dimakan itu emang namanya siomay ğŸ˜…,pdhl dimsum nama makan wkwkwk somay salah jenis dimsum makan emang nama siomay,neutral
iii seru bgt editannya,seru banget edit,positive
"semua balik ke selera masing2 ya guys, yg menurut orang enak blm tentu menurut kita enak",selera masing2 guys orang enak enak,neutral
"Dimsum nya kok kaya siomay sihhh, orang sekelas tasyi yg review kritik aja bilang nya daging bangettt malahan yang kureng nya ada di saus nya kok ini terbalik yg enak malah saus nya tapi aku kalo foodvloger lebih percaya tasyi sihhh",dimsum siomay orang kelas tasyi review kritik bilang daging banget reng saus balik enak saus fodvloger percaya tasyi,negative
semangaatt mbalaaa!!,semangat mbala,positive
"Maaf kak indira aku penonton dri jaman dlu kak indira, masukan dri aku klo review di search dlu yg reviewnya kaya dimsum jinji itu saus bolognese nya kenapa warnany gtu krna saus bolognese creamy kak indira, kaya pas itu review ikan laut pedes juga kak indira bilang klo pake ikan tongkol tpi itu sebenarnya ikan tuna maaf sebelumnya ğŸ™ğŸ»ğŸ™ğŸ»",indira tonton jaman indira masuk review search reviewnya dimsum jinji saus bolognese warnany krna saus bolognese creamy indira review ikan laut pedes indira bilang pake ikan tongkol ikan tuna,negative
ini salad buah sehat kak gak pake mayo dan skm,salad buah sehat pake mayo,neutral
Kapan bikin indira bukan praktek,bikin indira praktek,neutral
Mantep yg ngedit mantep juga ni cerah kamera nya mantep,mantep ngedit mantep cerah kamera mantep,positive
Awaaa makasihhh video mbala makin fresh bagusss pertahankan awaaa,makasih video mbala fresh bagus tahan,positive
Nggak tau kenapa selalu suka sama konten YouTube kak Indira mau itu konten tutorial makeup atau vlog random semoga kak indra sehat selalu iya kak amin ya kak ğŸ¥°ğŸ¥º,suka konten youtube indira konten tutorial makeup vlog random moga indra sehat amin,positive
Akhirnya di up juga video youtubenya sama kak Indira semangat terus buat kontenya kak Indira aku sayang ğŸ¤—ğŸ’“,video youtubenya indira semangat konte indira sayang,positive
"buat kintan saran pas bacain harga jangan cuma bacain paket bundling nya aja ya tapi harga satuannya juga, karena kita kadang mau beli makanan yang satuan aja",kintan saran bacain harga bacain paket bundling harga satu kadang beli makan satu,neutral
Awaaa editan kamu ajib bener fresh gitu cute juga dna pstinya di tambah banyak backsound lucu tambah bikin ajiib ğŸ˜ğŸ˜ luv bangeeed,edit ajib bener fresh cute pstinya backsound lucu bikin ajib banged,positive
video mba la+editan awa best bangett ğŸ¤© keep up a good work awaaa ğŸ¤ğŸ»ğŸ¤,video edit best banget work,positive
ini terus aja mbala editannyaa,mbala editanya,neutral
"Dendengnya bikin ngiler, apalagi pas mbala makanğŸ˜‚â¤",dendeng bikin ngiler mbala makan,positive
kasih bonus ke awa editan paling baguss inii ibukk jngan lupa kasih bonus ke awaaaaâ¤,kasih bonus edit bagus ibuk jngan lupa kasih bonus,positive
"ka indira, urutan rank enak/ engganya tu bukannya yang paling atas tu jos gandos krotos"" sapole, jos gandos krotos"", wenak tenan dlu bukan si? abis itu baru mantep aja? ko mantep aja bintangnya 3 si? bukannya hrsnya 2 ya klo dri urutannya?",indira urut rank enak enganya gandos krotos sapole gandos krotos wenak tenan banget mantep mantep bintang hrsnya urut,neutral
Ahhhhhh awa maciii editannya kerennn ga ngeboseninnğŸ˜,maci edit keren ngebosenin,positive
"Inilaahh editannn ygg diinginkann, nyaman bgtt nontonnyaa ibukk",inilah editan dinginkan nyaman nontonya ibuk,positive
Kak bajunya cantik begtu deh cantik dan makananya enak dehâ¤ğŸ˜‚ğŸ˜‚ğŸ˜‚ğŸ˜‚,baju cantik begtu cantik makananya enak,positive
Klo urusan review aku paling percaya sama dia.. krn selera dia bener2 di aku masuk bgt,urus review percaya selera bener2 masuk banget,positive
selalu sukaaa riview Tasyi ğŸ‘ğŸ‘ğŸ‘,suka riview tasyi,positive
temanya juga lsg berubah jadi ungu ngikutin jilbab dan baju kak tasyi,tema ubah ungu ngikutin jilbab baju tasyi,neutral
Baru aja makan ase cabe gendot...cuman kuat makan satu biji....tak sanggup pedesnya ...,makan cabe gendot cuman kuat makan biji sangup pedesnya,neutral
"suka banget nonton video ka tasyi video nya seru dan pembawaanya enjoy,bahasa nya enak di denger review nya gampang di cerna paling suka pkoknya sama video kak tasyi dari dulu bikin tutorial bikin donat,corn dog dll love you kakk video nya menghibur ak yg bosen banget di sela sela libur sekolah ini boring banget kan ya kalo libur sekolah ginii tapi di temani sama video kak tasyii dehh",suka banget nonton video tasyi video seru pembawanya enjoy bahasa enak denger review gampang cerna suka pkoknya video tasyi bikin tutorial bikin donat corn love video hibur bosen banget libur sekolah boring banget libur sekolah gini teman video tasyi,positive
bener2 detail bgt ka tasyi klo ngereview!â¤,bener2 detail banget tasyi ngereview,positive
Cabe gendot menurut ku ada 2 jenis kak soalnya aku beli pertama pedes pas kedua ga pedes,cabe gendot jenis beli pedes pedes,neutral
"Sumpah sih diluar kabar2 tentang Tasyi, aku cukup terbantu sama reviewnya dia. Gak cuma ngomong ""enak"", ""approved"", atau ""gaenak"" tapi dia juga ngerti tentang makanan yg dia review. Banyak info juga di tiap videonyağŸ‘",sumpah luar kabar2 tasyi bantu reviewnya ngomong enak aproved gaenak ngerti makan review info video,positive
Nonton Review makanan yg mengerti makanan itu enak banget kayak bnyk dpt kosa kata baru ttg makanan ğŸ˜…,nonton review makan erti makan enak banget kayak bnyk kosa makan,positive
Komen ah siapa tau ada yg NGAMUK ğŸ˜‚,komen ngamuk,negative
Cobain roti swetiee ifood kak,cobain roti swetie ifod,neutral
Ham itu bukannya daging babi yaa ? Bertanya dengan nada santai,daging babi nada santai,neutral
"Tetep suka liat review ka tasyi, semangat terus kaaa ğŸ‰",tetep suka liat review tasyi semangat,positive
Cucu apho nama aslinya Angel kak tasyiâ¤ artinya cucu nenekâ¤,cucu apho nama asli angel tasyi cucu nenek,neutral
Selalu bagus review makanan ka tasyi,bagus review makan tasyi,positive
bini gw cakep bgt,bini cakep banget,positive
"aku suka bgt sama ka pebi,karna kaka ceria terusssss tiap bikin video bikin mood aku yang nontonnyaaa
udah cantik,bawaannya happy terusss
semangat terus ya kakk,sukes selaluuğŸ˜ğŸ˜ğŸ˜ğŸ«°ğŸ«°ğŸ«°ğŸ«°",suka banget pebi karna kaka ceria terus bikin video bikin nontonya cantik bawa hapy terus semangat sukes selalu,positive
"Suka banget nonton cici ,karena cici kalau nge review tu tanpa menjelek jelekkan makanan dan menghargai banget ,luv dehğŸ«¶ğŸ»ğŸ«¶ğŸ»ğŸ˜½",suka banget nonton cici cici review jelek jelek makan harga banget,positive
kenapa makan baksonya gitu siiğŸ˜¢ğŸ˜¢,makan bakso,negative
"dlu sering nonton waktu covid, terus gaperna liat lg, skrg nonggol huhuhu kangennyaa",nonton covid gaperna liat nongol huhuhu kangenya,positive
Makasi kak konsisten beli beli dagangan org â¤â¤â¤â¤,terima kasih konsisten beli beli dagang,positive
Editornya bikin ngakak ğŸ¤£,editor bikin ngakak,positive
"Cara penyampaiannya unik, ngakak tapi pinter.",sampai unik ngakak pinter,positive
Sering-sering upload video ytb dong kak dah nungguin muluğŸ˜…,upload video nunguin mulu,positive
menurut aku ini ripwiw yng jujur siiiiiiiiiiiiiiii,ripwiw jujur,positive
Emba kalo gak enak gak usa di beli dong,emba enak beli,negative
Editornya moodbooster bgtğŸ˜…,editor modboster,positive
editornyaaaaa suka bgtttt ğŸ¥¹ğŸ¥¹ğŸ¥¹ğŸ¤ğŸ¤,editornya suka,positive
terlalu banyak ngatur jualan orang ga sih? coba deh buka resto sendiri terus dikomen orang sampai ke akar,ngatur jual orang coba buka resto dikomen orang akar,negative
Apa cuma aku y klo ngeliat tasyi itu bedak nya Rebel ampek beda tangan Ama mukanya,ngeliat tasyi bedak rebel ampek beda tangan muka,negative
kak ko makan nya tangan kiri,makan tangan kiri,negative
makannya kok pake tngn kiri kak?,makan pake tngn kiri,negative
"Coba2 review masakan mu sendiri mbakyu, penasaran pasti sempurna, ğŸ¤­ yg objektif ya  ratingnya",coba2 review masakan mbakyu penasaran sempurna objektif ratingnya,negative
CINA,cina,negative
"Bawel mengenai bahan bahan ,,ko masih dibilang pesingğŸ˜‚",bawel bahan bahan bilang pesing,negative
Malah ngatain makanan bau pesing,ngatain makan pesing,negative
"Dah makan gratis malah menilai, ora sopan blasssss",makan gratis nilai sopan blas,negative
"Gak sopan, makanan mertuapun di rating",sopan makan mertua rating,negative
"jualan artis tu b aja ga spesial bukan sesuatu yg harus dibanggakan, cuma menang mereka artis terkenal jadi bisa ngejual dengan harga selangit dan berlindung dibalik kata ""PREMIUM"" pdhl premium atau ga nya itu kadang kita ga sadar kadanng rasanya ya sebenernya kaya kita beli di abang abangan versi lebih mahalnya",jual artis spesial banga menang artis kenal ngejual harga langit lindung balik premium pdhl premium kadang sadar kadang sebenernya beli abang abangan versi mahal,negative
mending gausah review makanan LG g si,mending gausah review makan,negative
Keg pemerasan ga sih ? Pinkan..dasar orang gila..donat odading busuk,peras dasar orang gila donat odading busuk,negative
"jelek bgt logat ngomong kataâ€ yg ada K nya, cina ap gmn sih?",jelek banget logat ngomong cina,negative
"udh tau makanannya yg berantakan gt pake baju lengen panjang bgt, jorok pas mkn donat kotor bgt",makan beranta pake baju lengen jorok donat kotor banget,negative
Kontennya bagus tp jngan jatohin orang laen lagi ciii.matiin rejeki orang situ mau gk rejekinya dipatiii,konten bagus jngan jatohin orang laen matin rejeki orang situ rejekinya dipati,negative
"Saran sih kak, buat pengeditan vodeonya (dibagian cut) mungkin bisa lebih bagus lagi, karna kayak kurang nyaman jadinya dengernyağŸ˜…",saran edit vodeonya bagi bagus karna kayak nyaman dengernya,negative
kaka keknya makan nya pake tangan kiri deh,kaka makan pake tangan kiri,negative
Wek jijiknya,jijik,negative
sombong bnget ğŸ˜‚ğŸ˜‚,sombong bnget,negative
Kenapa si kak jarang bngt up vidio sebel deh nungguinnya,jarang banget vidio sebel nunguinya,negative
Bang ketiak luğŸ˜­,bang ketiak,negative
"salfok sama makananâ
Salfok sama ketek nyaâœ…",salfok makan salfok ketek,negative
Bang kalau boleh saran....bulu ketek tutup dl lah kalau pake kaus tanpa lenganğŸ˜€ apalagi pas makan..agak2 bikin illfeelğŸ˜…,bang saran bulu ketek tutup pake kaus lengan makan agak2 bikin ilfel,negative
bulu ketek lu banggğŸ˜­,bulu ketek bang,negative
Kak mbok bulu ketek nya di cukur atuh kak kayak gelii gitu liatnya...,mbok bulu ketek cukur atuh kayak geli liat,negative
Ketek cukur bang,ketek cukur bang,negative
please bang ketek lu,tolong bang ketek,negative
Bacot,bacot,negative
trs knp njir?,njir,negative
dia sering bete garaÂ² makanan ya?,bete gara makan,negative
ajg mahal bgt,mahal banget,negative
Mending beli jualan umkm ga sih daripada jualan tiktokers yang overpriceğŸ˜…,mending beli jual umkm jual tiktokers overprice,negative
Video malah berasa kayak iklan,video kayak iklan,negative
Komen lu pada julid gob,komen julid,negative
"Tasyi kenapa tiap reviu selalu bilang ""kalo resep aku"" ya? Apakah semua produk harus dibandingin sama resepnya?",tasyi reviu bilang kalo resep produk dibandingin resep,negative
"Suara tuing""nya ganggu bgt, aman ga pas lagi itu nujukkin apaan",suara tuing gangu aman nujukin,negative
"sound efeknya ganggu kebanyakan kak, kalo pun amu setiap pop up ada tueng tuengnnya kecilin dikit jadi rame teuing",sound efek gangu banyak tueng tuengnya kecilin dikit rame teuing,negative
yg bener dong review ramenya.. -.- buat lidah gw sih kureng yah,bener review ramenya lidah reng,negative
Berisik banget keluar sound effect nya setiap tulisan,berisik banget sound efect tulis,negative
Kenapa ya gue ga suka seirock. Enek banget kuahnya bau banget ayam boiler. Aku sampe tambahin lada banyak banget saking eneknya. Apa karena salah cabang ya. Aku cobain menu varian lain yg ga viral di seirock juga tetep menurutku b aja. Ramen ya malah lebih pas di lidah aku rasanya,suka seirock enek banget kuah banget ayam boiler sampe tambahin lada banget saking enek salah cabang cobain menu varian viral seirock tetep turut ramen lidah,negative
maaf ka pergelangan tangan itu aurat Bisa d blur biar ga jd dosa jariyah ka,gelang tangan aurat blur biar dosa jariyah,negative
"Ngapasih orang2 kalo mau bilang ""ini kriuk"" aja kudu dikadih kata ""kek kriuk2 gitu"" atau ""kaya kriuk2 gitu"" engga makin jauh apa puter jalannya ya?",ngapasih orang2 bilang kriuk kudu dikadih kriuk2 gitu kaya kriuk2 gitu puter jalan,negative
"Kaka,makan nya pake tangan kiri??",kaka makan pake tangan kiri,negative
"Soundnya yang tuingÂ² bikin nggak fokus ke videonya,  jujur keganggu kalo bisa di kecilin kak ğŸ™",soundnya tuing bikin fokus video jujur gangu kecilin,negative
berisikğŸ˜¢ kagetğŸ˜¢,berisik kaget,negative
"Kaya makan nasgor pake mie ,duh too much syekaliğŸ˜…",makan nasgor pake much syekali,negative
Apasih ini yg komen judol? Pantes aja miskin,apasih komen judol pantes miskin,negative
"Dia kalo jd influencer korea kemungkinan kena cancel culture deh.. nyetir mobil ga pake sabuk, mana sambil makan",influencer korea kena cancel culture nyetir mobil pake sabuk makan,negative
"maka ituu, makan disana langsung. konten nya biar fresh, gak melulu di take away.",makan sana langsung konten biar fresh melulu take away,negative
"Donat bahagia overrated deh keknya, mahal pula",donat bahagia overated mahal,negative
"jelas2 ni donat dipotek pake tangan, masak si budepji bilang dipotek pake gigi? itu org buta kali ya ga bisa bedain tangan sama gigi..? benci sama org boleh, tapi jangan fitnah. keterlaluan kalo ga bisa bedain mana tangan mana gigiâ€¦",jelas2 donat dipotek pake tangan masak budepji bilang dipotek pake gigi buta kali bedain tangan gigi benci fitnah bedain tangan gigi,negative
"Jujurrr, editor kak tasyi kali inii beda ga sii?? soalnya ngerasa efek suaranya banyak bangettt jadi agak bikin noise pas nontonnya kakğŸ˜¢",jujur editor tasyi kali beda ngerasa efek suara banget bikin noise nontonya,negative
Donat by kurang menarik menurut gua. Trs mahal,donat tarik mahal,negative
Tahu huha menurutku kurang worth it si 80 isi 5,huha turut worth,negative
Beda bgt sama reviewenyw tasyi detil wke gk kek gini,beda banget reviewenyw tasyi detil,negative
Setiap dia review makanan gk pernah si yg punya ngomen kenapa ya wkwk,review makan ngomen wkwk,negative
Mqkasih ya  pelakor udah rebut suami gua,mqkasih pelakor rebut suami,negative
"sorry, aku ngikutin dari awal tapi sekarang mau boycott kamu mba thanksğŸ™ğŸ»",sory ngikutin boycot thanks,negative
cherry blosom aku pernah coba dan sumpah gasuka bgt sorry ni menurutku rasanya kaya aroma wc gituuğŸ˜­,chery blosom coba sumpah gasuka banget sory turut aroma gitu,negative
Cibrut ciwi tobrut,cibrut ciwi tobrut,negative
Cibrut cireng tobrutğŸ—¿,cibrut cireng tobrut,negative
Aci acian doang overprice banget anjir,overprice banget anjir,negative
Cireng tobrut,cireng tobrut,negative
woi bencong,bencong,negative
"Ikannya Ngikan bgt

Cuwie nya Cuwie bgt


Review apaan siih ini",ikan ngikan banget cuwie cuwie banget review,negative
Knp timnya ga beli kue manconya yg di tiktok aja sihh biar sama persis kyak yg orang2 beli..?? Tasyi aja tau loh klo itu beda sma yg viral di tiktok..,beli manconya tiktok biar persis kyak orang2 beli tasyi beda viral tiktok,negative
"Ya elah review jujur"". Giliram direview balik, ga nerima kritik. .mending sadar diri dulu. Jatoh nya jadi kayak apaan tau. Stop normaliasi anti kritik ya ges.",elah review jujur giliram direview nerima kritik mending sadar jatoh kayak stop normaliasi anti kritik,negative
Ini orang memang kampret,orang kampret,negative
"Warna gold dibelakang Tasyi ganggu banget, mantulin cahaya dari ring light. Padahal semua udah ok, saran aja papan nama & aksen goldnya diganti hiasan lain",warna gold belakang tasyi gangu banget mantulin cahaya ring light saran papan nama aksen goldnya ganti hias,negative
Mines nya slebgram itu satu disaat temen nya buka usaha trus ga enak pekingan nya jelek pasti pada di dukung enk ga enak dibilang enak malah ngasih respon baik dll beda cara dia beli makanan kalau bukn seangkatan nya  trus gaenak jlek tempat nya langsung di rujak di nyi nyirin sampe ke akar akar nya,slebgram temen buka usaha enak peking jelek dukung enak bilang enak ngasih respon beda beli makan bukn angkat gaenak jlek langsung rujak nyirin sampe akar akar,negative
Om nya kutekan,tekan,negative
muka sanger tapi,muka sanger,negative
Ko lagi open bo,open,negative
"Sumpah demi apapun,kukunya ğŸ˜®ğŸ˜®ğŸ˜®",sumpah kuku,negative
Banci alay  wkwwkkw,banci alay wkwkw,negative
Demi apa cowok pakai kutek ğŸ˜¢ğŸ˜¢,cowok pakai kutek,negative
"udah boti ikut"" openingnya mas nizar lgi",openingnya nizar,negative
Lu kaya cewe dah,cewe,negative
MahoğŸ¤®,maho,negative
"Bang Potong kuku , kuku lu item2",bang potong kuku kuku item2,negative
Botiiii,boti,negative
Bang botii yaaa,bang boti,negative
kok agak jijay,jijay,negative
sungkem dulu sama editor nya kerenn bat woiğŸ˜‚,sungkem editor keren,positive
wedeeee editornya naik kelas ini editingnya bukan maenğŸ˜†ğŸ”¥,wede editor kelas editingnya maen,positive
